n_estimators,learning_rate,max_depth,reg_alpha,reg_lambda,objective,tree_method,enable_categorical,RMSE
500,0.01,6,0,0,reg:squarederror,hist,True,72546.99605527481
500,0.01,6,0,0,reg:pseudohubererror,hist,True,4689940556.248134
500,0.01,6,0,0,reg:squaredlogerror,hist,True,575992.0538345638
500,0.01,6,0,1,reg:squarederror,hist,True,72014.80888924503
500,0.01,6,0,1,reg:pseudohubererror,hist,True,4689940556.248134
500,0.01,6,0,1,reg:squaredlogerror,hist,True,575992.0538345638
500,0.01,6,0,2,reg:squarederror,hist,True,72202.07098782342
500,0.01,6,0,2,reg:pseudohubererror,hist,True,4689940556.248134
500,0.01,6,0,2,reg:squaredlogerror,hist,True,575992.0538345638
500,0.01,6,0,3,reg:squarederror,hist,True,73343.79107848155
500,0.01,6,0,3,reg:pseudohubererror,hist,True,4689940556.248134
500,0.01,6,0,3,reg:squaredlogerror,hist,True,575992.0538345638
500,0.01,6,0,4,reg:squarederror,hist,True,74182.27168940828
500,0.01,6,0,4,reg:pseudohubererror,hist,True,4689940556.248134
500,0.01,6,0,4,reg:squaredlogerror,hist,True,575992.0538345638
500,0.01,6,1,0,reg:squarederror,hist,True,72624.34520204719
500,0.01,6,1,0,reg:pseudohubererror,hist,True,4689940556.248134
500,0.01,6,1,0,reg:squaredlogerror,hist,True,575992.0538345638
500,0.01,6,1,1,reg:squarederror,hist,True,72015.16713622872
500,0.01,6,1,1,reg:pseudohubererror,hist,True,4689940556.248134
500,0.01,6,1,1,reg:squaredlogerror,hist,True,575992.0538345638
500,0.01,6,1,2,reg:squarederror,hist,True,72202.0709552495
500,0.01,6,1,2,reg:pseudohubererror,hist,True,4689940556.248134
500,0.01,6,1,2,reg:squaredlogerror,hist,True,575992.0538345638
500,0.01,6,1,3,reg:squarederror,hist,True,73410.83679386575
500,0.01,6,1,3,reg:pseudohubererror,hist,True,4689940556.248134
500,0.01,6,1,3,reg:squaredlogerror,hist,True,575992.0538345638
500,0.01,6,1,4,reg:squarederror,hist,True,74182.2795266974
500,0.01,6,1,4,reg:pseudohubererror,hist,True,4689940556.248134
500,0.01,6,1,4,reg:squaredlogerror,hist,True,575992.0538345638
500,0.01,6,2,0,reg:squarederror,hist,True,72624.35118901814
500,0.01,6,2,0,reg:pseudohubererror,hist,True,4689940556.248134
500,0.01,6,2,0,reg:squaredlogerror,hist,True,575992.0538345638
500,0.01,6,2,1,reg:squarederror,hist,True,71984.00999072797
500,0.01,6,2,1,reg:pseudohubererror,hist,True,4689940556.248134
500,0.01,6,2,1,reg:squaredlogerror,hist,True,575992.0538345638
500,0.01,6,2,2,reg:squarederror,hist,True,72202.08058736626
500,0.01,6,2,2,reg:pseudohubererror,hist,True,4689940556.248134
500,0.01,6,2,2,reg:squaredlogerror,hist,True,575992.0538345638
500,0.01,6,2,3,reg:squarederror,hist,True,73410.8433779029
500,0.01,6,2,3,reg:pseudohubererror,hist,True,4689940556.248134
500,0.01,6,2,3,reg:squaredlogerror,hist,True,575992.0538345638
500,0.01,6,2,4,reg:squarederror,hist,True,74182.28225668424
500,0.01,6,2,4,reg:pseudohubererror,hist,True,4689940556.248134
500,0.01,6,2,4,reg:squaredlogerror,hist,True,575992.0538345638
500,0.01,8,0,0,reg:squarederror,hist,True,72503.6577539945
500,0.01,8,0,0,reg:pseudohubererror,hist,True,4689940556.248134
500,0.01,8,0,0,reg:squaredlogerror,hist,True,575992.0538345638
500,0.01,8,0,1,reg:squarederror,hist,True,69755.70505324079
500,0.01,8,0,1,reg:pseudohubererror,hist,True,4689940556.248134
500,0.01,8,0,1,reg:squaredlogerror,hist,True,575992.0538345638
500,0.01,8,0,2,reg:squarederror,hist,True,68105.77235658595
500,0.01,8,0,2,reg:pseudohubererror,hist,True,4689940556.248134
500,0.01,8,0,2,reg:squaredlogerror,hist,True,575992.0538345638
500,0.01,8,0,3,reg:squarederror,hist,True,70412.73922069503
500,0.01,8,0,3,reg:pseudohubererror,hist,True,4689940556.248134
500,0.01,8,0,3,reg:squaredlogerror,hist,True,575992.0538345638
500,0.01,8,0,4,reg:squarederror,hist,True,70667.77275299077
500,0.01,8,0,4,reg:pseudohubererror,hist,True,4689940556.248134
500,0.01,8,0,4,reg:squaredlogerror,hist,True,575992.0538345638
500,0.01,8,1,0,reg:squarederror,hist,True,72284.3809253444
500,0.01,8,1,0,reg:pseudohubererror,hist,True,4689940556.248134
500,0.01,8,1,0,reg:squaredlogerror,hist,True,575992.0538345638
500,0.01,8,1,1,reg:squarederror,hist,True,69588.68998418587
500,0.01,8,1,1,reg:pseudohubererror,hist,True,4689940556.248134
500,0.01,8,1,1,reg:squaredlogerror,hist,True,575992.0538345638
500,0.01,8,1,2,reg:squarederror,hist,True,68041.88102103879
500,0.01,8,1,2,reg:pseudohubererror,hist,True,4689940556.248134
500,0.01,8,1,2,reg:squaredlogerror,hist,True,575992.0538345638
500,0.01,8,1,3,reg:squarederror,hist,True,69874.83276817332
500,0.01,8,1,3,reg:pseudohubererror,hist,True,4689940556.248134
500,0.01,8,1,3,reg:squaredlogerror,hist,True,575992.0538345638
500,0.01,8,1,4,reg:squarederror,hist,True,70761.95949558176
500,0.01,8,1,4,reg:pseudohubererror,hist,True,4689940556.248134
500,0.01,8,1,4,reg:squaredlogerror,hist,True,575992.0538345638
500,0.01,8,2,0,reg:squarederror,hist,True,72664.2890729548
500,0.01,8,2,0,reg:pseudohubererror,hist,True,4689940556.248134
500,0.01,8,2,0,reg:squaredlogerror,hist,True,575992.0538345638
500,0.01,8,2,1,reg:squarederror,hist,True,69465.64048628749
500,0.01,8,2,1,reg:pseudohubererror,hist,True,4689940556.248134
500,0.01,8,2,1,reg:squaredlogerror,hist,True,575992.0538345638
500,0.01,8,2,2,reg:squarederror,hist,True,68003.3412974508
500,0.01,8,2,2,reg:pseudohubererror,hist,True,4689940556.248134
500,0.01,8,2,2,reg:squaredlogerror,hist,True,575992.0538345638
500,0.01,8,2,3,reg:squarederror,hist,True,69875.16650618671
500,0.01,8,2,3,reg:pseudohubererror,hist,True,4689940556.248134
500,0.01,8,2,3,reg:squaredlogerror,hist,True,575992.0538345638
500,0.01,8,2,4,reg:squarederror,hist,True,71019.39797182144
500,0.01,8,2,4,reg:pseudohubererror,hist,True,4689940556.248134
500,0.01,8,2,4,reg:squaredlogerror,hist,True,575992.0538345638
500,0.01,10,0,0,reg:squarederror,hist,True,78523.47422771719
500,0.01,10,0,0,reg:pseudohubererror,hist,True,4689940556.248134
500,0.01,10,0,0,reg:squaredlogerror,hist,True,575992.0538345638
500,0.01,10,0,1,reg:squarederror,hist,True,71669.9476531654
500,0.01,10,0,1,reg:pseudohubererror,hist,True,4689940556.248134
500,0.01,10,0,1,reg:squaredlogerror,hist,True,575992.0538345638
500,0.01,10,0,2,reg:squarederror,hist,True,70923.69367461331
500,0.01,10,0,2,reg:pseudohubererror,hist,True,4689940556.248134
500,0.01,10,0,2,reg:squaredlogerror,hist,True,575992.0538345638
500,0.01,10,0,3,reg:squarederror,hist,True,71970.57736894906
500,0.01,10,0,3,reg:pseudohubererror,hist,True,4689940556.248134
500,0.01,10,0,3,reg:squaredlogerror,hist,True,575992.0538345638
500,0.01,10,0,4,reg:squarederror,hist,True,72705.23037351597
500,0.01,10,0,4,reg:pseudohubererror,hist,True,4689940556.248134
500,0.01,10,0,4,reg:squaredlogerror,hist,True,575992.0538345638
500,0.01,10,1,0,reg:squarederror,hist,True,78678.28273829534
500,0.01,10,1,0,reg:pseudohubererror,hist,True,4689940556.248134
500,0.01,10,1,0,reg:squaredlogerror,hist,True,575992.0538345638
500,0.01,10,1,1,reg:squarederror,hist,True,72359.88470332579
500,0.01,10,1,1,reg:pseudohubererror,hist,True,4689940556.248134
500,0.01,10,1,1,reg:squaredlogerror,hist,True,575992.0538345638
500,0.01,10,1,2,reg:squarederror,hist,True,71538.28470409015
500,0.01,10,1,2,reg:pseudohubererror,hist,True,4689940556.248134
500,0.01,10,1,2,reg:squaredlogerror,hist,True,575992.0538345638
500,0.01,10,1,3,reg:squarederror,hist,True,72349.7564082132
500,0.01,10,1,3,reg:pseudohubererror,hist,True,4689940556.248134
500,0.01,10,1,3,reg:squaredlogerror,hist,True,575992.0538345638
500,0.01,10,1,4,reg:squarederror,hist,True,72638.46833475748
500,0.01,10,1,4,reg:pseudohubererror,hist,True,4689940556.248134
500,0.01,10,1,4,reg:squaredlogerror,hist,True,575992.0538345638
500,0.01,10,2,0,reg:squarederror,hist,True,79091.94718499032
500,0.01,10,2,0,reg:pseudohubererror,hist,True,4689940556.248134
500,0.01,10,2,0,reg:squaredlogerror,hist,True,575992.0538345638
500,0.01,10,2,1,reg:squarederror,hist,True,71276.66884030041
500,0.01,10,2,1,reg:pseudohubererror,hist,True,4689940556.248134
500,0.01,10,2,1,reg:squaredlogerror,hist,True,575992.0538345638
500,0.01,10,2,2,reg:squarederror,hist,True,71271.29586451649
500,0.01,10,2,2,reg:pseudohubererror,hist,True,4689940556.248134
500,0.01,10,2,2,reg:squaredlogerror,hist,True,575992.0538345638
500,0.01,10,2,3,reg:squarederror,hist,True,72071.75257543422
500,0.01,10,2,3,reg:pseudohubererror,hist,True,4689940556.248134
500,0.01,10,2,3,reg:squaredlogerror,hist,True,575992.0538345638
500,0.01,10,2,4,reg:squarederror,hist,True,72560.70923169599
500,0.01,10,2,4,reg:pseudohubererror,hist,True,4689940556.248134
500,0.01,10,2,4,reg:squaredlogerror,hist,True,575992.0538345638
500,0.01,12,0,0,reg:squarederror,hist,True,85974.17788190069
500,0.01,12,0,0,reg:pseudohubererror,hist,True,4689940556.248134
500,0.01,12,0,0,reg:squaredlogerror,hist,True,575992.0538345638
500,0.01,12,0,1,reg:squarederror,hist,True,73669.09875830752
500,0.01,12,0,1,reg:pseudohubererror,hist,True,4689940556.248134
500,0.01,12,0,1,reg:squaredlogerror,hist,True,575992.0538345638
500,0.01,12,0,2,reg:squarederror,hist,True,71710.0642278341
500,0.01,12,0,2,reg:pseudohubererror,hist,True,4689940556.248134
500,0.01,12,0,2,reg:squaredlogerror,hist,True,575992.0538345638
500,0.01,12,0,3,reg:squarederror,hist,True,72187.23843386653
500,0.01,12,0,3,reg:pseudohubererror,hist,True,4689940556.248134
500,0.01,12,0,3,reg:squaredlogerror,hist,True,575992.0538345638
500,0.01,12,0,4,reg:squarederror,hist,True,73477.37795059379
500,0.01,12,0,4,reg:pseudohubererror,hist,True,4689940556.248134
500,0.01,12,0,4,reg:squaredlogerror,hist,True,575992.0538345638
500,0.01,12,1,0,reg:squarederror,hist,True,85501.88856701768
500,0.01,12,1,0,reg:pseudohubererror,hist,True,4689940556.248134
500,0.01,12,1,0,reg:squaredlogerror,hist,True,575992.0538345638
500,0.01,12,1,1,reg:squarederror,hist,True,73611.1203626765
500,0.01,12,1,1,reg:pseudohubererror,hist,True,4689940556.248134
500,0.01,12,1,1,reg:squaredlogerror,hist,True,575992.0538345638
500,0.01,12,1,2,reg:squarederror,hist,True,71793.2044045384
500,0.01,12,1,2,reg:pseudohubererror,hist,True,4689940556.248134
500,0.01,12,1,2,reg:squaredlogerror,hist,True,575992.0538345638
500,0.01,12,1,3,reg:squarederror,hist,True,72430.06338398659
500,0.01,12,1,3,reg:pseudohubererror,hist,True,4689940556.248134
500,0.01,12,1,3,reg:squaredlogerror,hist,True,575992.0538345638
500,0.01,12,1,4,reg:squarederror,hist,True,73013.585526959
500,0.01,12,1,4,reg:pseudohubererror,hist,True,4689940556.248134
500,0.01,12,1,4,reg:squaredlogerror,hist,True,575992.0538345638
500,0.01,12,2,0,reg:squarederror,hist,True,85426.92479014667
500,0.01,12,2,0,reg:pseudohubererror,hist,True,4689940556.248134
500,0.01,12,2,0,reg:squaredlogerror,hist,True,575992.0538345638
500,0.01,12,2,1,reg:squarederror,hist,True,73670.66731616204
500,0.01,12,2,1,reg:pseudohubererror,hist,True,4689940556.248134
500,0.01,12,2,1,reg:squaredlogerror,hist,True,575992.0538345638
500,0.01,12,2,2,reg:squarederror,hist,True,71783.580837622
500,0.01,12,2,2,reg:pseudohubererror,hist,True,4689940556.248134
500,0.01,12,2,2,reg:squaredlogerror,hist,True,575992.0538345638
500,0.01,12,2,3,reg:squarederror,hist,True,72455.37620387888
500,0.01,12,2,3,reg:pseudohubererror,hist,True,4689940556.248134
500,0.01,12,2,3,reg:squaredlogerror,hist,True,575992.0538345638
500,0.01,12,2,4,reg:squarederror,hist,True,72887.8656173788
500,0.01,12,2,4,reg:pseudohubererror,hist,True,4689940556.248134
500,0.01,12,2,4,reg:squaredlogerror,hist,True,575992.0538345638
500,0.03,6,0,0,reg:squarederror,hist,True,65676.41791863408
500,0.03,6,0,0,reg:pseudohubererror,hist,True,4689940556.248134
500,0.03,6,0,0,reg:squaredlogerror,hist,True,575992.0538345638
500,0.03,6,0,1,reg:squarederror,hist,True,64447.68538335888
500,0.03,6,0,1,reg:pseudohubererror,hist,True,4689940556.248134
500,0.03,6,0,1,reg:squaredlogerror,hist,True,575992.0538345638
500,0.03,6,0,2,reg:squarederror,hist,True,64389.69234352929
500,0.03,6,0,2,reg:pseudohubererror,hist,True,4689940556.248134
500,0.03,6,0,2,reg:squaredlogerror,hist,True,575992.0538345638
500,0.03,6,0,3,reg:squarederror,hist,True,65467.20564770348
500,0.03,6,0,3,reg:pseudohubererror,hist,True,4689940556.248134
500,0.03,6,0,3,reg:squaredlogerror,hist,True,575992.0538345638
500,0.03,6,0,4,reg:squarederror,hist,True,65316.21054031436
500,0.03,6,0,4,reg:pseudohubererror,hist,True,4689940556.248134
500,0.03,6,0,4,reg:squaredlogerror,hist,True,575992.0538345638
500,0.03,6,1,0,reg:squarederror,hist,True,65708.63692837558
500,0.03,6,1,0,reg:pseudohubererror,hist,True,4689940556.248134
500,0.03,6,1,0,reg:squaredlogerror,hist,True,575992.0538345638
500,0.03,6,1,1,reg:squarederror,hist,True,64447.69096098904
500,0.03,6,1,1,reg:pseudohubererror,hist,True,4689940556.248134
500,0.03,6,1,1,reg:squaredlogerror,hist,True,575992.0538345638
500,0.03,6,1,2,reg:squarederror,hist,True,64403.560533327836
500,0.03,6,1,2,reg:pseudohubererror,hist,True,4689940556.248134
500,0.03,6,1,2,reg:squaredlogerror,hist,True,575992.0538345638
500,0.03,6,1,3,reg:squarederror,hist,True,65467.21249294661
500,0.03,6,1,3,reg:pseudohubererror,hist,True,4689940556.248134
500,0.03,6,1,3,reg:squaredlogerror,hist,True,575992.0538345638
500,0.03,6,1,4,reg:squarederror,hist,True,65316.22054094392
500,0.03,6,1,4,reg:pseudohubererror,hist,True,4689940556.248134
500,0.03,6,1,4,reg:squaredlogerror,hist,True,575992.0538345638
500,0.03,6,2,0,reg:squarederror,hist,True,65676.45310435307
500,0.03,6,2,0,reg:pseudohubererror,hist,True,4689940556.248134
500,0.03,6,2,0,reg:squaredlogerror,hist,True,575992.0538345638
500,0.03,6,2,1,reg:squarederror,hist,True,64463.75115093506
500,0.03,6,2,1,reg:pseudohubererror,hist,True,4689940556.248134
500,0.03,6,2,1,reg:squaredlogerror,hist,True,575992.0538345638
500,0.03,6,2,2,reg:squarederror,hist,True,64400.31281036894
500,0.03,6,2,2,reg:pseudohubererror,hist,True,4689940556.248134
500,0.03,6,2,2,reg:squaredlogerror,hist,True,575992.0538345638
500,0.03,6,2,3,reg:squarederror,hist,True,65436.51746892692
500,0.03,6,2,3,reg:pseudohubererror,hist,True,4689940556.248134
500,0.03,6,2,3,reg:squaredlogerror,hist,True,575992.0538345638
500,0.03,6,2,4,reg:squarederror,hist,True,65297.76095047436
500,0.03,6,2,4,reg:pseudohubererror,hist,True,4689940556.248134
500,0.03,6,2,4,reg:squaredlogerror,hist,True,575992.0538345638
500,0.03,8,0,0,reg:squarederror,hist,True,67844.1156550678
500,0.03,8,0,0,reg:pseudohubererror,hist,True,4689940556.248134
500,0.03,8,0,0,reg:squaredlogerror,hist,True,575992.0538345638
500,0.03,8,0,1,reg:squarederror,hist,True,64456.860858565415
500,0.03,8,0,1,reg:pseudohubererror,hist,True,4689940556.248134
500,0.03,8,0,1,reg:squaredlogerror,hist,True,575992.0538345638
500,0.03,8,0,2,reg:squarederror,hist,True,61813.69582907407
500,0.03,8,0,2,reg:pseudohubererror,hist,True,4689940556.248134
500,0.03,8,0,2,reg:squaredlogerror,hist,True,575992.0538345638
500,0.03,8,0,3,reg:squarederror,hist,True,63030.9050895652
500,0.03,8,0,3,reg:pseudohubererror,hist,True,4689940556.248134
500,0.03,8,0,3,reg:squaredlogerror,hist,True,575992.0538345638
500,0.03,8,0,4,reg:squarederror,hist,True,63510.736213525925
500,0.03,8,0,4,reg:pseudohubererror,hist,True,4689940556.248134
500,0.03,8,0,4,reg:squaredlogerror,hist,True,575992.0538345638
500,0.03,8,1,0,reg:squarederror,hist,True,67191.37944105825
500,0.03,8,1,0,reg:pseudohubererror,hist,True,4689940556.248134
500,0.03,8,1,0,reg:squaredlogerror,hist,True,575992.0538345638
500,0.03,8,1,1,reg:squarederror,hist,True,64749.975427625744
500,0.03,8,1,1,reg:pseudohubererror,hist,True,4689940556.248134
500,0.03,8,1,1,reg:squaredlogerror,hist,True,575992.0538345638
500,0.03,8,1,2,reg:squarederror,hist,True,61675.667223094584
500,0.03,8,1,2,reg:pseudohubererror,hist,True,4689940556.248134
500,0.03,8,1,2,reg:squaredlogerror,hist,True,575992.0538345638
500,0.03,8,1,3,reg:squarederror,hist,True,63030.90399591619
500,0.03,8,1,3,reg:pseudohubererror,hist,True,4689940556.248134
500,0.03,8,1,3,reg:squaredlogerror,hist,True,575992.0538345638
500,0.03,8,1,4,reg:squarederror,hist,True,63502.48440446296
500,0.03,8,1,4,reg:pseudohubererror,hist,True,4689940556.248134
500,0.03,8,1,4,reg:squaredlogerror,hist,True,575992.0538345638
500,0.03,8,2,0,reg:squarederror,hist,True,67823.217732993
500,0.03,8,2,0,reg:pseudohubererror,hist,True,4689940556.248134
500,0.03,8,2,0,reg:squaredlogerror,hist,True,575992.0538345638
500,0.03,8,2,1,reg:squarederror,hist,True,64046.10818494625
500,0.03,8,2,1,reg:pseudohubererror,hist,True,4689940556.248134
500,0.03,8,2,1,reg:squaredlogerror,hist,True,575992.0538345638
500,0.03,8,2,2,reg:squarederror,hist,True,61642.55209846324
500,0.03,8,2,2,reg:pseudohubererror,hist,True,4689940556.248134
500,0.03,8,2,2,reg:squaredlogerror,hist,True,575992.0538345638
500,0.03,8,2,3,reg:squarederror,hist,True,63227.72890395992
500,0.03,8,2,3,reg:pseudohubererror,hist,True,4689940556.248134
500,0.03,8,2,3,reg:squaredlogerror,hist,True,575992.0538345638
500,0.03,8,2,4,reg:squarederror,hist,True,63727.58529729883
500,0.03,8,2,4,reg:pseudohubererror,hist,True,4689940556.248134
500,0.03,8,2,4,reg:squaredlogerror,hist,True,575992.0538345638
500,0.03,10,0,0,reg:squarederror,hist,True,76691.5335211674
500,0.03,10,0,0,reg:pseudohubererror,hist,True,4689940556.248134
500,0.03,10,0,0,reg:squaredlogerror,hist,True,575992.0538345638
500,0.03,10,0,1,reg:squarederror,hist,True,69031.33362489252
500,0.03,10,0,1,reg:pseudohubererror,hist,True,4689940556.248134
500,0.03,10,0,1,reg:squaredlogerror,hist,True,575992.0538345638
500,0.03,10,0,2,reg:squarederror,hist,True,65975.13723670151
500,0.03,10,0,2,reg:pseudohubererror,hist,True,4689940556.248134
500,0.03,10,0,2,reg:squaredlogerror,hist,True,575992.0538345638
500,0.03,10,0,3,reg:squarederror,hist,True,66885.84548998445
500,0.03,10,0,3,reg:pseudohubererror,hist,True,4689940556.248134
500,0.03,10,0,3,reg:squaredlogerror,hist,True,575992.0538345638
500,0.03,10,0,4,reg:squarederror,hist,True,68514.58248906067
500,0.03,10,0,4,reg:pseudohubererror,hist,True,4689940556.248134
500,0.03,10,0,4,reg:squaredlogerror,hist,True,575992.0538345638
500,0.03,10,1,0,reg:squarederror,hist,True,76540.44681427159
500,0.03,10,1,0,reg:pseudohubererror,hist,True,4689940556.248134
500,0.03,10,1,0,reg:squaredlogerror,hist,True,575992.0538345638
500,0.03,10,1,1,reg:squarederror,hist,True,68898.4093238472
500,0.03,10,1,1,reg:pseudohubererror,hist,True,4689940556.248134
500,0.03,10,1,1,reg:squaredlogerror,hist,True,575992.0538345638
500,0.03,10,1,2,reg:squarederror,hist,True,66281.41436801528
500,0.03,10,1,2,reg:pseudohubererror,hist,True,4689940556.248134
500,0.03,10,1,2,reg:squaredlogerror,hist,True,575992.0538345638
500,0.03,10,1,3,reg:squarederror,hist,True,66930.63502994417
500,0.03,10,1,3,reg:pseudohubererror,hist,True,4689940556.248134
500,0.03,10,1,3,reg:squaredlogerror,hist,True,575992.0538345638
500,0.03,10,1,4,reg:squarederror,hist,True,68382.1718438922
500,0.03,10,1,4,reg:pseudohubererror,hist,True,4689940556.248134
500,0.03,10,1,4,reg:squaredlogerror,hist,True,575992.0538345638
500,0.03,10,2,0,reg:squarederror,hist,True,76736.530614809
500,0.03,10,2,0,reg:pseudohubererror,hist,True,4689940556.248134
500,0.03,10,2,0,reg:squaredlogerror,hist,True,575992.0538345638
500,0.03,10,2,1,reg:squarederror,hist,True,69329.09007547928
500,0.03,10,2,1,reg:pseudohubererror,hist,True,4689940556.248134
500,0.03,10,2,1,reg:squaredlogerror,hist,True,575992.0538345638
500,0.03,10,2,2,reg:squarederror,hist,True,66102.03026891689
500,0.03,10,2,2,reg:pseudohubererror,hist,True,4689940556.248134
500,0.03,10,2,2,reg:squaredlogerror,hist,True,575992.0538345638
500,0.03,10,2,3,reg:squarederror,hist,True,66824.41490842086
500,0.03,10,2,3,reg:pseudohubererror,hist,True,4689940556.248134
500,0.03,10,2,3,reg:squaredlogerror,hist,True,575992.0538345638
500,0.03,10,2,4,reg:squarederror,hist,True,68502.24422119945
500,0.03,10,2,4,reg:pseudohubererror,hist,True,4689940556.248134
500,0.03,10,2,4,reg:squaredlogerror,hist,True,575992.0538345638
500,0.03,12,0,0,reg:squarederror,hist,True,85117.42643716098
500,0.03,12,0,0,reg:pseudohubererror,hist,True,4689940556.248134
500,0.03,12,0,0,reg:squaredlogerror,hist,True,575992.0538345638
500,0.03,12,0,1,reg:squarederror,hist,True,71528.52415892479
500,0.03,12,0,1,reg:pseudohubererror,hist,True,4689940556.248134
500,0.03,12,0,1,reg:squaredlogerror,hist,True,575992.0538345638
500,0.03,12,0,2,reg:squarederror,hist,True,70244.55479195519
500,0.03,12,0,2,reg:pseudohubererror,hist,True,4689940556.248134
500,0.03,12,0,2,reg:squaredlogerror,hist,True,575992.0538345638
500,0.03,12,0,3,reg:squarederror,hist,True,69549.17579414968
500,0.03,12,0,3,reg:pseudohubererror,hist,True,4689940556.248134
500,0.03,12,0,3,reg:squaredlogerror,hist,True,575992.0538345638
500,0.03,12,0,4,reg:squarederror,hist,True,69256.2494912472
500,0.03,12,0,4,reg:pseudohubererror,hist,True,4689940556.248134
500,0.03,12,0,4,reg:squaredlogerror,hist,True,575992.0538345638
500,0.03,12,1,0,reg:squarederror,hist,True,85191.84105929564
500,0.03,12,1,0,reg:pseudohubererror,hist,True,4689940556.248134
500,0.03,12,1,0,reg:squaredlogerror,hist,True,575992.0538345638
500,0.03,12,1,1,reg:squarederror,hist,True,71277.77093443989
500,0.03,12,1,1,reg:pseudohubererror,hist,True,4689940556.248134
500,0.03,12,1,1,reg:squaredlogerror,hist,True,575992.0538345638
500,0.03,12,1,2,reg:squarederror,hist,True,70052.61804995697
500,0.03,12,1,2,reg:pseudohubererror,hist,True,4689940556.248134
500,0.03,12,1,2,reg:squaredlogerror,hist,True,575992.0538345638
500,0.03,12,1,3,reg:squarederror,hist,True,69085.28815646398
500,0.03,12,1,3,reg:pseudohubererror,hist,True,4689940556.248134
500,0.03,12,1,3,reg:squaredlogerror,hist,True,575992.0538345638
500,0.03,12,1,4,reg:squarederror,hist,True,69363.51012226776
500,0.03,12,1,4,reg:pseudohubererror,hist,True,4689940556.248134
500,0.03,12,1,4,reg:squaredlogerror,hist,True,575992.0538345638
500,0.03,12,2,0,reg:squarederror,hist,True,85409.04871912778
500,0.03,12,2,0,reg:pseudohubererror,hist,True,4689940556.248134
500,0.03,12,2,0,reg:squaredlogerror,hist,True,575992.0538345638
500,0.03,12,2,1,reg:squarederror,hist,True,71497.5354061621
500,0.03,12,2,1,reg:pseudohubererror,hist,True,4689940556.248134
500,0.03,12,2,1,reg:squaredlogerror,hist,True,575992.0538345638
500,0.03,12,2,2,reg:squarederror,hist,True,70049.29097559585
500,0.03,12,2,2,reg:pseudohubererror,hist,True,4689940556.248134
500,0.03,12,2,2,reg:squaredlogerror,hist,True,575992.0538345638
500,0.03,12,2,3,reg:squarederror,hist,True,69358.05682702991
500,0.03,12,2,3,reg:pseudohubererror,hist,True,4689940556.248134
500,0.03,12,2,3,reg:squaredlogerror,hist,True,575992.0538345638
500,0.03,12,2,4,reg:squarederror,hist,True,69203.56798838908
500,0.03,12,2,4,reg:pseudohubererror,hist,True,4689940556.248134
500,0.03,12,2,4,reg:squaredlogerror,hist,True,575992.0538345638
500,0.05,6,0,0,reg:squarederror,hist,True,65378.02010957921
500,0.05,6,0,0,reg:pseudohubererror,hist,True,4689940556.248134
500,0.05,6,0,0,reg:squaredlogerror,hist,True,575992.0538345638
500,0.05,6,0,1,reg:squarederror,hist,True,63291.533369161145
500,0.05,6,0,1,reg:pseudohubererror,hist,True,4689940556.248134
500,0.05,6,0,1,reg:squaredlogerror,hist,True,575992.0538345638
500,0.05,6,0,2,reg:squarederror,hist,True,63255.94162886852
500,0.05,6,0,2,reg:pseudohubererror,hist,True,4689940556.248134
500,0.05,6,0,2,reg:squaredlogerror,hist,True,575992.0538345638
500,0.05,6,0,3,reg:squarederror,hist,True,62797.55709901585
500,0.05,6,0,3,reg:pseudohubererror,hist,True,4689940556.248134
500,0.05,6,0,3,reg:squaredlogerror,hist,True,575992.0538345638
500,0.05,6,0,4,reg:squarederror,hist,True,62559.86456962512
500,0.05,6,0,4,reg:pseudohubererror,hist,True,4689940556.248134
500,0.05,6,0,4,reg:squaredlogerror,hist,True,575992.0538345638
500,0.05,6,1,0,reg:squarederror,hist,True,65424.87632755387
500,0.05,6,1,0,reg:pseudohubererror,hist,True,4689940556.248134
500,0.05,6,1,0,reg:squaredlogerror,hist,True,575992.0538345638
500,0.05,6,1,1,reg:squarederror,hist,True,63271.26727835662
500,0.05,6,1,1,reg:pseudohubererror,hist,True,4689940556.248134
500,0.05,6,1,1,reg:squaredlogerror,hist,True,575992.0538345638
500,0.05,6,1,2,reg:squarederror,hist,True,63369.23017737413
500,0.05,6,1,2,reg:pseudohubererror,hist,True,4689940556.248134
500,0.05,6,1,2,reg:squaredlogerror,hist,True,575992.0538345638
500,0.05,6,1,3,reg:squarederror,hist,True,62672.75386124469
500,0.05,6,1,3,reg:pseudohubererror,hist,True,4689940556.248134
500,0.05,6,1,3,reg:squaredlogerror,hist,True,575992.0538345638
500,0.05,6,1,4,reg:squarederror,hist,True,62520.70910075318
500,0.05,6,1,4,reg:pseudohubererror,hist,True,4689940556.248134
500,0.05,6,1,4,reg:squaredlogerror,hist,True,575992.0538345638
500,0.05,6,2,0,reg:squarederror,hist,True,65424.87862422805
500,0.05,6,2,0,reg:pseudohubererror,hist,True,4689940556.248134
500,0.05,6,2,0,reg:squaredlogerror,hist,True,575992.0538345638
500,0.05,6,2,1,reg:squarederror,hist,True,63271.266261448305
500,0.05,6,2,1,reg:pseudohubererror,hist,True,4689940556.248134
500,0.05,6,2,1,reg:squaredlogerror,hist,True,575992.0538345638
500,0.05,6,2,2,reg:squarederror,hist,True,63447.039614398316
500,0.05,6,2,2,reg:pseudohubererror,hist,True,4689940556.248134
500,0.05,6,2,2,reg:squaredlogerror,hist,True,575992.0538345638
500,0.05,6,2,3,reg:squarederror,hist,True,62672.752880874716
500,0.05,6,2,3,reg:pseudohubererror,hist,True,4689940556.248134
500,0.05,6,2,3,reg:squaredlogerror,hist,True,575992.0538345638
500,0.05,6,2,4,reg:squarederror,hist,True,62520.71093473174
500,0.05,6,2,4,reg:pseudohubererror,hist,True,4689940556.248134
500,0.05,6,2,4,reg:squaredlogerror,hist,True,575992.0538345638
500,0.05,8,0,0,reg:squarederror,hist,True,67816.34798199065
500,0.05,8,0,0,reg:pseudohubererror,hist,True,4689940556.248134
500,0.05,8,0,0,reg:squaredlogerror,hist,True,575992.0538345638
500,0.05,8,0,1,reg:squarederror,hist,True,65368.276518834406
500,0.05,8,0,1,reg:pseudohubererror,hist,True,4689940556.248134
500,0.05,8,0,1,reg:squaredlogerror,hist,True,575992.0538345638
500,0.05,8,0,2,reg:squarederror,hist,True,62014.93653871479
500,0.05,8,0,2,reg:pseudohubererror,hist,True,4689940556.248134
500,0.05,8,0,2,reg:squaredlogerror,hist,True,575992.0538345638
500,0.05,8,0,3,reg:squarederror,hist,True,63512.82326797802
500,0.05,8,0,3,reg:pseudohubererror,hist,True,4689940556.248134
500,0.05,8,0,3,reg:squaredlogerror,hist,True,575992.0538345638
500,0.05,8,0,4,reg:squarederror,hist,True,63269.84487409167
500,0.05,8,0,4,reg:pseudohubererror,hist,True,4689940556.248134
500,0.05,8,0,4,reg:squaredlogerror,hist,True,575992.0538345638
500,0.05,8,1,0,reg:squarederror,hist,True,67746.151487879
500,0.05,8,1,0,reg:pseudohubererror,hist,True,4689940556.248134
500,0.05,8,1,0,reg:squaredlogerror,hist,True,575992.0538345638
500,0.05,8,1,1,reg:squarederror,hist,True,65162.735722950594
500,0.05,8,1,1,reg:pseudohubererror,hist,True,4689940556.248134
500,0.05,8,1,1,reg:squaredlogerror,hist,True,575992.0538345638
500,0.05,8,1,2,reg:squarederror,hist,True,61727.40131671673
500,0.05,8,1,2,reg:pseudohubererror,hist,True,4689940556.248134
500,0.05,8,1,2,reg:squaredlogerror,hist,True,575992.0538345638
500,0.05,8,1,3,reg:squarederror,hist,True,63547.0568288736
500,0.05,8,1,3,reg:pseudohubererror,hist,True,4689940556.248134
500,0.05,8,1,3,reg:squaredlogerror,hist,True,575992.0538345638
500,0.05,8,1,4,reg:squarederror,hist,True,62912.38953877175
500,0.05,8,1,4,reg:pseudohubererror,hist,True,4689940556.248134
500,0.05,8,1,4,reg:squaredlogerror,hist,True,575992.0538345638
500,0.05,8,2,0,reg:squarederror,hist,True,67515.88629309002
500,0.05,8,2,0,reg:pseudohubererror,hist,True,4689940556.248134
500,0.05,8,2,0,reg:squaredlogerror,hist,True,575992.0538345638
500,0.05,8,2,1,reg:squarederror,hist,True,65075.217627838254
500,0.05,8,2,1,reg:pseudohubererror,hist,True,4689940556.248134
500,0.05,8,2,1,reg:squaredlogerror,hist,True,575992.0538345638
500,0.05,8,2,2,reg:squarederror,hist,True,61716.285271477434
500,0.05,8,2,2,reg:pseudohubererror,hist,True,4689940556.248134
500,0.05,8,2,2,reg:squaredlogerror,hist,True,575992.0538345638
500,0.05,8,2,3,reg:squarederror,hist,True,63612.03090287582
500,0.05,8,2,3,reg:pseudohubererror,hist,True,4689940556.248134
500,0.05,8,2,3,reg:squaredlogerror,hist,True,575992.0538345638
500,0.05,8,2,4,reg:squarederror,hist,True,62975.28831182578
500,0.05,8,2,4,reg:pseudohubererror,hist,True,4689940556.248134
500,0.05,8,2,4,reg:squaredlogerror,hist,True,575992.0538345638
500,0.05,10,0,0,reg:squarederror,hist,True,76826.03983713244
500,0.05,10,0,0,reg:pseudohubererror,hist,True,4689940556.248134
500,0.05,10,0,0,reg:squaredlogerror,hist,True,575992.0538345638
500,0.05,10,0,1,reg:squarederror,hist,True,67879.08902574712
500,0.05,10,0,1,reg:pseudohubererror,hist,True,4689940556.248134
500,0.05,10,0,1,reg:squaredlogerror,hist,True,575992.0538345638
500,0.05,10,0,2,reg:squarederror,hist,True,66608.31503546599
500,0.05,10,0,2,reg:pseudohubererror,hist,True,4689940556.248134
500,0.05,10,0,2,reg:squaredlogerror,hist,True,575992.0538345638
500,0.05,10,0,3,reg:squarederror,hist,True,66453.64359806286
500,0.05,10,0,3,reg:pseudohubererror,hist,True,4689940556.248134
500,0.05,10,0,3,reg:squaredlogerror,hist,True,575992.0538345638
500,0.05,10,0,4,reg:squarederror,hist,True,66245.83823983524
500,0.05,10,0,4,reg:pseudohubererror,hist,True,4689940556.248134
500,0.05,10,0,4,reg:squaredlogerror,hist,True,575992.0538345638
500,0.05,10,1,0,reg:squarederror,hist,True,76734.5330057595
500,0.05,10,1,0,reg:pseudohubererror,hist,True,4689940556.248134
500,0.05,10,1,0,reg:squaredlogerror,hist,True,575992.0538345638
500,0.05,10,1,1,reg:squarederror,hist,True,68232.93112173422
500,0.05,10,1,1,reg:pseudohubererror,hist,True,4689940556.248134
500,0.05,10,1,1,reg:squaredlogerror,hist,True,575992.0538345638
500,0.05,10,1,2,reg:squarederror,hist,True,66673.1562246191
500,0.05,10,1,2,reg:pseudohubererror,hist,True,4689940556.248134
500,0.05,10,1,2,reg:squaredlogerror,hist,True,575992.0538345638
500,0.05,10,1,3,reg:squarederror,hist,True,66793.49481941058
500,0.05,10,1,3,reg:pseudohubererror,hist,True,4689940556.248134
500,0.05,10,1,3,reg:squaredlogerror,hist,True,575992.0538345638
500,0.05,10,1,4,reg:squarederror,hist,True,65948.69807875513
500,0.05,10,1,4,reg:pseudohubererror,hist,True,4689940556.248134
500,0.05,10,1,4,reg:squaredlogerror,hist,True,575992.0538345638
500,0.05,10,2,0,reg:squarederror,hist,True,76583.87026909518
500,0.05,10,2,0,reg:pseudohubererror,hist,True,4689940556.248134
500,0.05,10,2,0,reg:squaredlogerror,hist,True,575992.0538345638
500,0.05,10,2,1,reg:squarederror,hist,True,67194.18053782999
500,0.05,10,2,1,reg:pseudohubererror,hist,True,4689940556.248134
500,0.05,10,2,1,reg:squaredlogerror,hist,True,575992.0538345638
500,0.05,10,2,2,reg:squarederror,hist,True,66654.49333080473
500,0.05,10,2,2,reg:pseudohubererror,hist,True,4689940556.248134
500,0.05,10,2,2,reg:squaredlogerror,hist,True,575992.0538345638
500,0.05,10,2,3,reg:squarederror,hist,True,67304.41038400361
500,0.05,10,2,3,reg:pseudohubererror,hist,True,4689940556.248134
500,0.05,10,2,3,reg:squaredlogerror,hist,True,575992.0538345638
500,0.05,10,2,4,reg:squarederror,hist,True,66276.62551011171
500,0.05,10,2,4,reg:pseudohubererror,hist,True,4689940556.248134
500,0.05,10,2,4,reg:squaredlogerror,hist,True,575992.0538345638
500,0.05,12,0,0,reg:squarederror,hist,True,85177.49280409566
500,0.05,12,0,0,reg:pseudohubererror,hist,True,4689940556.248134
500,0.05,12,0,0,reg:squaredlogerror,hist,True,575992.0538345638
500,0.05,12,0,1,reg:squarederror,hist,True,71745.70665298704
500,0.05,12,0,1,reg:pseudohubererror,hist,True,4689940556.248134
500,0.05,12,0,1,reg:squaredlogerror,hist,True,575992.0538345638
500,0.05,12,0,2,reg:squarederror,hist,True,68553.64586312522
500,0.05,12,0,2,reg:pseudohubererror,hist,True,4689940556.248134
500,0.05,12,0,2,reg:squaredlogerror,hist,True,575992.0538345638
500,0.05,12,0,3,reg:squarederror,hist,True,68645.86399134119
500,0.05,12,0,3,reg:pseudohubererror,hist,True,4689940556.248134
500,0.05,12,0,3,reg:squaredlogerror,hist,True,575992.0538345638
500,0.05,12,0,4,reg:squarederror,hist,True,68038.76494406967
500,0.05,12,0,4,reg:pseudohubererror,hist,True,4689940556.248134
500,0.05,12,0,4,reg:squaredlogerror,hist,True,575992.0538345638
500,0.05,12,1,0,reg:squarederror,hist,True,85145.20836149219
500,0.05,12,1,0,reg:pseudohubererror,hist,True,4689940556.248134
500,0.05,12,1,0,reg:squaredlogerror,hist,True,575992.0538345638
500,0.05,12,1,1,reg:squarederror,hist,True,71538.16173960005
500,0.05,12,1,1,reg:pseudohubererror,hist,True,4689940556.248134
500,0.05,12,1,1,reg:squaredlogerror,hist,True,575992.0538345638
500,0.05,12,1,2,reg:squarederror,hist,True,68603.00703540666
500,0.05,12,1,2,reg:pseudohubererror,hist,True,4689940556.248134
500,0.05,12,1,2,reg:squaredlogerror,hist,True,575992.0538345638
500,0.05,12,1,3,reg:squarederror,hist,True,68750.36345576552
500,0.05,12,1,3,reg:pseudohubererror,hist,True,4689940556.248134
500,0.05,12,1,3,reg:squaredlogerror,hist,True,575992.0538345638
500,0.05,12,1,4,reg:squarederror,hist,True,67949.49915417761
500,0.05,12,1,4,reg:pseudohubererror,hist,True,4689940556.248134
500,0.05,12,1,4,reg:squaredlogerror,hist,True,575992.0538345638
500,0.05,12,2,0,reg:squarederror,hist,True,85117.21099311419
500,0.05,12,2,0,reg:pseudohubererror,hist,True,4689940556.248134
500,0.05,12,2,0,reg:squaredlogerror,hist,True,575992.0538345638
500,0.05,12,2,1,reg:squarederror,hist,True,71736.77422180264
500,0.05,12,2,1,reg:pseudohubererror,hist,True,4689940556.248134
500,0.05,12,2,1,reg:squaredlogerror,hist,True,575992.0538345638
500,0.05,12,2,2,reg:squarederror,hist,True,68564.74020908863
500,0.05,12,2,2,reg:pseudohubererror,hist,True,4689940556.248134
500,0.05,12,2,2,reg:squaredlogerror,hist,True,575992.0538345638
500,0.05,12,2,3,reg:squarederror,hist,True,68591.07503116805
500,0.05,12,2,3,reg:pseudohubererror,hist,True,4689940556.248134
500,0.05,12,2,3,reg:squaredlogerror,hist,True,575992.0538345638
500,0.05,12,2,4,reg:squarederror,hist,True,67822.12877576932
500,0.05,12,2,4,reg:pseudohubererror,hist,True,4689940556.248134
500,0.05,12,2,4,reg:squaredlogerror,hist,True,575992.0538345638
500,0.07,6,0,0,reg:squarederror,hist,True,65166.51497765949
500,0.07,6,0,0,reg:pseudohubererror,hist,True,4689940556.248134
500,0.07,6,0,0,reg:squaredlogerror,hist,True,575992.0538345638
500,0.07,6,0,1,reg:squarederror,hist,True,63832.77409590762
500,0.07,6,0,1,reg:pseudohubererror,hist,True,4689940556.248134
500,0.07,6,0,1,reg:squaredlogerror,hist,True,575992.0538345638
500,0.07,6,0,2,reg:squarederror,hist,True,62437.976852305685
500,0.07,6,0,2,reg:pseudohubererror,hist,True,4689940556.248134
500,0.07,6,0,2,reg:squaredlogerror,hist,True,575992.0538345638
500,0.07,6,0,3,reg:squarederror,hist,True,62689.347798610324
500,0.07,6,0,3,reg:pseudohubererror,hist,True,4689940556.248134
500,0.07,6,0,3,reg:squaredlogerror,hist,True,575992.0538345638
500,0.07,6,0,4,reg:squarederror,hist,True,63572.59630419643
500,0.07,6,0,4,reg:pseudohubererror,hist,True,4689940556.248134
500,0.07,6,0,4,reg:squaredlogerror,hist,True,575992.0538345638
500,0.07,6,1,0,reg:squarederror,hist,True,65166.549903967214
500,0.07,6,1,0,reg:pseudohubererror,hist,True,4689940556.248134
500,0.07,6,1,0,reg:squaredlogerror,hist,True,575992.0538345638
500,0.07,6,1,1,reg:squarederror,hist,True,63563.230296139234
500,0.07,6,1,1,reg:pseudohubererror,hist,True,4689940556.248134
500,0.07,6,1,1,reg:squaredlogerror,hist,True,575992.0538345638
500,0.07,6,1,2,reg:squarederror,hist,True,63334.8406251198
500,0.07,6,1,2,reg:pseudohubererror,hist,True,4689940556.248134
500,0.07,6,1,2,reg:squaredlogerror,hist,True,575992.0538345638
500,0.07,6,1,3,reg:squarederror,hist,True,62776.559531313185
500,0.07,6,1,3,reg:pseudohubererror,hist,True,4689940556.248134
500,0.07,6,1,3,reg:squaredlogerror,hist,True,575992.0538345638
500,0.07,6,1,4,reg:squarederror,hist,True,63770.10860873511
500,0.07,6,1,4,reg:pseudohubererror,hist,True,4689940556.248134
500,0.07,6,1,4,reg:squaredlogerror,hist,True,575992.0538345638
500,0.07,6,2,0,reg:squarederror,hist,True,64971.27808950194
500,0.07,6,2,0,reg:pseudohubererror,hist,True,4689940556.248134
500,0.07,6,2,0,reg:squaredlogerror,hist,True,575992.0538345638
500,0.07,6,2,1,reg:squarederror,hist,True,63274.97772086584
500,0.07,6,2,1,reg:pseudohubererror,hist,True,4689940556.248134
500,0.07,6,2,1,reg:squaredlogerror,hist,True,575992.0538345638
500,0.07,6,2,2,reg:squarederror,hist,True,63334.846869731686
500,0.07,6,2,2,reg:pseudohubererror,hist,True,4689940556.248134
500,0.07,6,2,2,reg:squaredlogerror,hist,True,575992.0538345638
500,0.07,6,2,3,reg:squarederror,hist,True,62527.57848141396
500,0.07,6,2,3,reg:pseudohubererror,hist,True,4689940556.248134
500,0.07,6,2,3,reg:squaredlogerror,hist,True,575992.0538345638
500,0.07,6,2,4,reg:squarederror,hist,True,63574.86739659902
500,0.07,6,2,4,reg:pseudohubererror,hist,True,4689940556.248134
500,0.07,6,2,4,reg:squaredlogerror,hist,True,575992.0538345638
500,0.07,8,0,0,reg:squarederror,hist,True,68342.64571608945
500,0.07,8,0,0,reg:pseudohubererror,hist,True,4689940556.248134
500,0.07,8,0,0,reg:squaredlogerror,hist,True,575992.0538345638
500,0.07,8,0,1,reg:squarederror,hist,True,64796.09578810766
500,0.07,8,0,1,reg:pseudohubererror,hist,True,4689940556.248134
500,0.07,8,0,1,reg:squaredlogerror,hist,True,575992.0538345638
500,0.07,8,0,2,reg:squarederror,hist,True,62116.543283684485
500,0.07,8,0,2,reg:pseudohubererror,hist,True,4689940556.248134
500,0.07,8,0,2,reg:squaredlogerror,hist,True,575992.0538345638
500,0.07,8,0,3,reg:squarederror,hist,True,63140.50733785051
500,0.07,8,0,3,reg:pseudohubererror,hist,True,4689940556.248134
500,0.07,8,0,3,reg:squaredlogerror,hist,True,575992.0538345638
500,0.07,8,0,4,reg:squarederror,hist,True,63507.17936266665
500,0.07,8,0,4,reg:pseudohubererror,hist,True,4689940556.248134
500,0.07,8,0,4,reg:squaredlogerror,hist,True,575992.0538345638
500,0.07,8,1,0,reg:squarederror,hist,True,67665.05626967819
500,0.07,8,1,0,reg:pseudohubererror,hist,True,4689940556.248134
500,0.07,8,1,0,reg:squaredlogerror,hist,True,575992.0538345638
500,0.07,8,1,1,reg:squarederror,hist,True,64818.63289843218
500,0.07,8,1,1,reg:pseudohubererror,hist,True,4689940556.248134
500,0.07,8,1,1,reg:squaredlogerror,hist,True,575992.0538345638
500,0.07,8,1,2,reg:squarederror,hist,True,62017.97413224031
500,0.07,8,1,2,reg:pseudohubererror,hist,True,4689940556.248134
500,0.07,8,1,2,reg:squaredlogerror,hist,True,575992.0538345638
500,0.07,8,1,3,reg:squarederror,hist,True,63188.4199603954
500,0.07,8,1,3,reg:pseudohubererror,hist,True,4689940556.248134
500,0.07,8,1,3,reg:squaredlogerror,hist,True,575992.0538345638
500,0.07,8,1,4,reg:squarederror,hist,True,63677.52925971578
500,0.07,8,1,4,reg:pseudohubererror,hist,True,4689940556.248134
500,0.07,8,1,4,reg:squaredlogerror,hist,True,575992.0538345638
500,0.07,8,2,0,reg:squarederror,hist,True,68098.79056858347
500,0.07,8,2,0,reg:pseudohubererror,hist,True,4689940556.248134
500,0.07,8,2,0,reg:squaredlogerror,hist,True,575992.0538345638
500,0.07,8,2,1,reg:squarederror,hist,True,64838.23120274617
500,0.07,8,2,1,reg:pseudohubererror,hist,True,4689940556.248134
500,0.07,8,2,1,reg:squaredlogerror,hist,True,575992.0538345638
500,0.07,8,2,2,reg:squarederror,hist,True,62402.29503274991
500,0.07,8,2,2,reg:pseudohubererror,hist,True,4689940556.248134
500,0.07,8,2,2,reg:squaredlogerror,hist,True,575992.0538345638
500,0.07,8,2,3,reg:squarederror,hist,True,63389.23884038151
500,0.07,8,2,3,reg:pseudohubererror,hist,True,4689940556.248134
500,0.07,8,2,3,reg:squaredlogerror,hist,True,575992.0538345638
500,0.07,8,2,4,reg:squarederror,hist,True,63677.52851334477
500,0.07,8,2,4,reg:pseudohubererror,hist,True,4689940556.248134
500,0.07,8,2,4,reg:squaredlogerror,hist,True,575992.0538345638
500,0.07,10,0,0,reg:squarederror,hist,True,76064.53528602266
500,0.07,10,0,0,reg:pseudohubererror,hist,True,4689940556.248134
500,0.07,10,0,0,reg:squaredlogerror,hist,True,575992.0538345638
500,0.07,10,0,1,reg:squarederror,hist,True,67199.89548250203
500,0.07,10,0,1,reg:pseudohubererror,hist,True,4689940556.248134
500,0.07,10,0,1,reg:squaredlogerror,hist,True,575992.0538345638
500,0.07,10,0,2,reg:squarederror,hist,True,67256.48133738776
500,0.07,10,0,2,reg:pseudohubererror,hist,True,4689940556.248134
500,0.07,10,0,2,reg:squaredlogerror,hist,True,575992.0538345638
500,0.07,10,0,3,reg:squarederror,hist,True,67379.62251335628
500,0.07,10,0,3,reg:pseudohubererror,hist,True,4689940556.248134
500,0.07,10,0,3,reg:squaredlogerror,hist,True,575992.0538345638
500,0.07,10,0,4,reg:squarederror,hist,True,66244.27441712462
500,0.07,10,0,4,reg:pseudohubererror,hist,True,4689940556.248134
500,0.07,10,0,4,reg:squaredlogerror,hist,True,575992.0538345638
500,0.07,10,1,0,reg:squarederror,hist,True,76821.0976628682
500,0.07,10,1,0,reg:pseudohubererror,hist,True,4689940556.248134
500,0.07,10,1,0,reg:squaredlogerror,hist,True,575992.0538345638
500,0.07,10,1,1,reg:squarederror,hist,True,66942.18502409653
500,0.07,10,1,1,reg:pseudohubererror,hist,True,4689940556.248134
500,0.07,10,1,1,reg:squaredlogerror,hist,True,575992.0538345638
500,0.07,10,1,2,reg:squarederror,hist,True,67393.73000628807
500,0.07,10,1,2,reg:pseudohubererror,hist,True,4689940556.248134
500,0.07,10,1,2,reg:squaredlogerror,hist,True,575992.0538345638
500,0.07,10,1,3,reg:squarederror,hist,True,67288.29628308625
500,0.07,10,1,3,reg:pseudohubererror,hist,True,4689940556.248134
500,0.07,10,1,3,reg:squaredlogerror,hist,True,575992.0538345638
500,0.07,10,1,4,reg:squarederror,hist,True,66266.99696739185
500,0.07,10,1,4,reg:pseudohubererror,hist,True,4689940556.248134
500,0.07,10,1,4,reg:squaredlogerror,hist,True,575992.0538345638
500,0.07,10,2,0,reg:squarederror,hist,True,76795.55984541484
500,0.07,10,2,0,reg:pseudohubererror,hist,True,4689940556.248134
500,0.07,10,2,0,reg:squaredlogerror,hist,True,575992.0538345638
500,0.07,10,2,1,reg:squarederror,hist,True,66545.39418945416
500,0.07,10,2,1,reg:pseudohubererror,hist,True,4689940556.248134
500,0.07,10,2,1,reg:squaredlogerror,hist,True,575992.0538345638
500,0.07,10,2,2,reg:squarederror,hist,True,67404.98735656572
500,0.07,10,2,2,reg:pseudohubererror,hist,True,4689940556.248134
500,0.07,10,2,2,reg:squaredlogerror,hist,True,575992.0538345638
500,0.07,10,2,3,reg:squarederror,hist,True,67435.58492345625
500,0.07,10,2,3,reg:pseudohubererror,hist,True,4689940556.248134
500,0.07,10,2,3,reg:squaredlogerror,hist,True,575992.0538345638
500,0.07,10,2,4,reg:squarederror,hist,True,66384.51541084058
500,0.07,10,2,4,reg:pseudohubererror,hist,True,4689940556.248134
500,0.07,10,2,4,reg:squaredlogerror,hist,True,575992.0538345638
500,0.07,12,0,0,reg:squarederror,hist,True,85338.47043598993
500,0.07,12,0,0,reg:pseudohubererror,hist,True,4689940556.248134
500,0.07,12,0,0,reg:squaredlogerror,hist,True,575992.0538345638
500,0.07,12,0,1,reg:squarederror,hist,True,70310.82561373444
500,0.07,12,0,1,reg:pseudohubererror,hist,True,4689940556.248134
500,0.07,12,0,1,reg:squaredlogerror,hist,True,575992.0538345638
500,0.07,12,0,2,reg:squarederror,hist,True,70025.61754157157
500,0.07,12,0,2,reg:pseudohubererror,hist,True,4689940556.248134
500,0.07,12,0,2,reg:squaredlogerror,hist,True,575992.0538345638
500,0.07,12,0,3,reg:squarederror,hist,True,68802.6105658537
500,0.07,12,0,3,reg:pseudohubererror,hist,True,4689940556.248134
500,0.07,12,0,3,reg:squaredlogerror,hist,True,575992.0538345638
500,0.07,12,0,4,reg:squarederror,hist,True,68065.29658010817
500,0.07,12,0,4,reg:pseudohubererror,hist,True,4689940556.248134
500,0.07,12,0,4,reg:squaredlogerror,hist,True,575992.0538345638
500,0.07,12,1,0,reg:squarederror,hist,True,84961.07331756983
500,0.07,12,1,0,reg:pseudohubererror,hist,True,4689940556.248134
500,0.07,12,1,0,reg:squaredlogerror,hist,True,575992.0538345638
500,0.07,12,1,1,reg:squarederror,hist,True,70159.77064073607
500,0.07,12,1,1,reg:pseudohubererror,hist,True,4689940556.248134
500,0.07,12,1,1,reg:squaredlogerror,hist,True,575992.0538345638
500,0.07,12,1,2,reg:squarederror,hist,True,70041.61367682622
500,0.07,12,1,2,reg:pseudohubererror,hist,True,4689940556.248134
500,0.07,12,1,2,reg:squaredlogerror,hist,True,575992.0538345638
500,0.07,12,1,3,reg:squarederror,hist,True,68899.03523619795
500,0.07,12,1,3,reg:pseudohubererror,hist,True,4689940556.248134
500,0.07,12,1,3,reg:squaredlogerror,hist,True,575992.0538345638
500,0.07,12,1,4,reg:squarederror,hist,True,68027.52786480465
500,0.07,12,1,4,reg:pseudohubererror,hist,True,4689940556.248134
500,0.07,12,1,4,reg:squaredlogerror,hist,True,575992.0538345638
500,0.07,12,2,0,reg:squarederror,hist,True,84610.26696099863
500,0.07,12,2,0,reg:pseudohubererror,hist,True,4689940556.248134
500,0.07,12,2,0,reg:squaredlogerror,hist,True,575992.0538345638
500,0.07,12,2,1,reg:squarederror,hist,True,70258.36321978136
500,0.07,12,2,1,reg:pseudohubererror,hist,True,4689940556.248134
500,0.07,12,2,1,reg:squaredlogerror,hist,True,575992.0538345638
500,0.07,12,2,2,reg:squarederror,hist,True,70087.91801681423
500,0.07,12,2,2,reg:pseudohubererror,hist,True,4689940556.248134
500,0.07,12,2,2,reg:squaredlogerror,hist,True,575992.0538345638
500,0.07,12,2,3,reg:squarederror,hist,True,68736.69658732273
500,0.07,12,2,3,reg:pseudohubererror,hist,True,4689940556.248134
500,0.07,12,2,3,reg:squaredlogerror,hist,True,575992.0538345638
500,0.07,12,2,4,reg:squarederror,hist,True,68288.04487618039
500,0.07,12,2,4,reg:pseudohubererror,hist,True,4689940556.248134
500,0.07,12,2,4,reg:squaredlogerror,hist,True,575992.0538345638
500,0.09,6,0,0,reg:squarederror,hist,True,63169.627493121865
500,0.09,6,0,0,reg:pseudohubererror,hist,True,4689940556.248134
500,0.09,6,0,0,reg:squaredlogerror,hist,True,575992.0538345638
500,0.09,6,0,1,reg:squarederror,hist,True,62576.12202504748
500,0.09,6,0,1,reg:pseudohubererror,hist,True,4689940556.248134
500,0.09,6,0,1,reg:squaredlogerror,hist,True,575992.0538345638
500,0.09,6,0,2,reg:squarederror,hist,True,63033.49639037237
500,0.09,6,0,2,reg:pseudohubererror,hist,True,4689940556.248134
500,0.09,6,0,2,reg:squaredlogerror,hist,True,575992.0538345638
500,0.09,6,0,3,reg:squarederror,hist,True,63408.11327166636
500,0.09,6,0,3,reg:pseudohubererror,hist,True,4689940556.248134
500,0.09,6,0,3,reg:squaredlogerror,hist,True,575992.0538345638
500,0.09,6,0,4,reg:squarederror,hist,True,62843.224225891274
500,0.09,6,0,4,reg:pseudohubererror,hist,True,4689940556.248134
500,0.09,6,0,4,reg:squaredlogerror,hist,True,575992.0538345638
500,0.09,6,1,0,reg:squarederror,hist,True,63251.54222161258
500,0.09,6,1,0,reg:pseudohubererror,hist,True,4689940556.248134
500,0.09,6,1,0,reg:squaredlogerror,hist,True,575992.0538345638
500,0.09,6,1,1,reg:squarederror,hist,True,62665.593458905736
500,0.09,6,1,1,reg:pseudohubererror,hist,True,4689940556.248134
500,0.09,6,1,1,reg:squaredlogerror,hist,True,575992.0538345638
500,0.09,6,1,2,reg:squarederror,hist,True,63885.282371333225
500,0.09,6,1,2,reg:pseudohubererror,hist,True,4689940556.248134
500,0.09,6,1,2,reg:squaredlogerror,hist,True,575992.0538345638
500,0.09,6,1,3,reg:squarederror,hist,True,63408.11466182259
500,0.09,6,1,3,reg:pseudohubererror,hist,True,4689940556.248134
500,0.09,6,1,3,reg:squaredlogerror,hist,True,575992.0538345638
500,0.09,6,1,4,reg:squarederror,hist,True,62843.23767054236
500,0.09,6,1,4,reg:pseudohubererror,hist,True,4689940556.248134
500,0.09,6,1,4,reg:squaredlogerror,hist,True,575992.0538345638
500,0.09,6,2,0,reg:squarederror,hist,True,63739.22329548087
500,0.09,6,2,0,reg:pseudohubererror,hist,True,4689940556.248134
500,0.09,6,2,0,reg:squaredlogerror,hist,True,575992.0538345638
500,0.09,6,2,1,reg:squarederror,hist,True,62665.602922864586
500,0.09,6,2,1,reg:pseudohubererror,hist,True,4689940556.248134
500,0.09,6,2,1,reg:squaredlogerror,hist,True,575992.0538345638
500,0.09,6,2,2,reg:squarederror,hist,True,63885.29026141857
500,0.09,6,2,2,reg:pseudohubererror,hist,True,4689940556.248134
500,0.09,6,2,2,reg:squaredlogerror,hist,True,575992.0538345638
500,0.09,6,2,3,reg:squarederror,hist,True,63455.440347959615
500,0.09,6,2,3,reg:pseudohubererror,hist,True,4689940556.248134
500,0.09,6,2,3,reg:squaredlogerror,hist,True,575992.0538345638
500,0.09,6,2,4,reg:squarederror,hist,True,62843.24372730411
500,0.09,6,2,4,reg:pseudohubererror,hist,True,4689940556.248134
500,0.09,6,2,4,reg:squaredlogerror,hist,True,575992.0538345638
500,0.09,8,0,0,reg:squarederror,hist,True,68391.85540235227
500,0.09,8,0,0,reg:pseudohubererror,hist,True,4689940556.248134
500,0.09,8,0,0,reg:squaredlogerror,hist,True,575992.0538345638
500,0.09,8,0,1,reg:squarederror,hist,True,64549.12212581975
500,0.09,8,0,1,reg:pseudohubererror,hist,True,4689940556.248134
500,0.09,8,0,1,reg:squaredlogerror,hist,True,575992.0538345638
500,0.09,8,0,2,reg:squarederror,hist,True,62068.361394746324
500,0.09,8,0,2,reg:pseudohubererror,hist,True,4689940556.248134
500,0.09,8,0,2,reg:squaredlogerror,hist,True,575992.0538345638
500,0.09,8,0,3,reg:squarederror,hist,True,63974.319649209734
500,0.09,8,0,3,reg:pseudohubererror,hist,True,4689940556.248134
500,0.09,8,0,3,reg:squaredlogerror,hist,True,575992.0538345638
500,0.09,8,0,4,reg:squarederror,hist,True,64584.8082767141
500,0.09,8,0,4,reg:pseudohubererror,hist,True,4689940556.248134
500,0.09,8,0,4,reg:squaredlogerror,hist,True,575992.0538345638
500,0.09,8,1,0,reg:squarederror,hist,True,68298.95084430864
500,0.09,8,1,0,reg:pseudohubererror,hist,True,4689940556.248134
500,0.09,8,1,0,reg:squaredlogerror,hist,True,575992.0538345638
500,0.09,8,1,1,reg:squarederror,hist,True,64391.4219772416
500,0.09,8,1,1,reg:pseudohubererror,hist,True,4689940556.248134
500,0.09,8,1,1,reg:squaredlogerror,hist,True,575992.0538345638
500,0.09,8,1,2,reg:squarederror,hist,True,62654.5131355494
500,0.09,8,1,2,reg:pseudohubererror,hist,True,4689940556.248134
500,0.09,8,1,2,reg:squaredlogerror,hist,True,575992.0538345638
500,0.09,8,1,3,reg:squarederror,hist,True,63916.1645633827
500,0.09,8,1,3,reg:pseudohubererror,hist,True,4689940556.248134
500,0.09,8,1,3,reg:squaredlogerror,hist,True,575992.0538345638
500,0.09,8,1,4,reg:squarederror,hist,True,64645.66784036624
500,0.09,8,1,4,reg:pseudohubererror,hist,True,4689940556.248134
500,0.09,8,1,4,reg:squaredlogerror,hist,True,575992.0538345638
500,0.09,8,2,0,reg:squarederror,hist,True,68379.2366591656
500,0.09,8,2,0,reg:pseudohubererror,hist,True,4689940556.248134
500,0.09,8,2,0,reg:squaredlogerror,hist,True,575992.0538345638
500,0.09,8,2,1,reg:squarederror,hist,True,64304.89899602646
500,0.09,8,2,1,reg:pseudohubererror,hist,True,4689940556.248134
500,0.09,8,2,1,reg:squaredlogerror,hist,True,575992.0538345638
500,0.09,8,2,2,reg:squarederror,hist,True,62615.15728864411
500,0.09,8,2,2,reg:pseudohubererror,hist,True,4689940556.248134
500,0.09,8,2,2,reg:squaredlogerror,hist,True,575992.0538345638
500,0.09,8,2,3,reg:squarederror,hist,True,64038.57739090779
500,0.09,8,2,3,reg:pseudohubererror,hist,True,4689940556.248134
500,0.09,8,2,3,reg:squaredlogerror,hist,True,575992.0538345638
500,0.09,8,2,4,reg:squarederror,hist,True,64572.156588819395
500,0.09,8,2,4,reg:pseudohubererror,hist,True,4689940556.248134
500,0.09,8,2,4,reg:squaredlogerror,hist,True,575992.0538345638
500,0.09,10,0,0,reg:squarederror,hist,True,76829.98439674683
500,0.09,10,0,0,reg:pseudohubererror,hist,True,4689940556.248134
500,0.09,10,0,0,reg:squaredlogerror,hist,True,575992.0538345638
500,0.09,10,0,1,reg:squarederror,hist,True,66542.90883068979
500,0.09,10,0,1,reg:pseudohubererror,hist,True,4689940556.248134
500,0.09,10,0,1,reg:squaredlogerror,hist,True,575992.0538345638
500,0.09,10,0,2,reg:squarederror,hist,True,66722.32676497316
500,0.09,10,0,2,reg:pseudohubererror,hist,True,4689940556.248134
500,0.09,10,0,2,reg:squaredlogerror,hist,True,575992.0538345638
500,0.09,10,0,3,reg:squarederror,hist,True,66255.02256582303
500,0.09,10,0,3,reg:pseudohubererror,hist,True,4689940556.248134
500,0.09,10,0,3,reg:squaredlogerror,hist,True,575992.0538345638
500,0.09,10,0,4,reg:squarederror,hist,True,65757.02349833274
500,0.09,10,0,4,reg:pseudohubererror,hist,True,4689940556.248134
500,0.09,10,0,4,reg:squaredlogerror,hist,True,575992.0538345638
500,0.09,10,1,0,reg:squarederror,hist,True,76495.16579882916
500,0.09,10,1,0,reg:pseudohubererror,hist,True,4689940556.248134
500,0.09,10,1,0,reg:squaredlogerror,hist,True,575992.0538345638
500,0.09,10,1,1,reg:squarederror,hist,True,66663.15414995774
500,0.09,10,1,1,reg:pseudohubererror,hist,True,4689940556.248134
500,0.09,10,1,1,reg:squaredlogerror,hist,True,575992.0538345638
500,0.09,10,1,2,reg:squarederror,hist,True,66829.5537816864
500,0.09,10,1,2,reg:pseudohubererror,hist,True,4689940556.248134
500,0.09,10,1,2,reg:squaredlogerror,hist,True,575992.0538345638
500,0.09,10,1,3,reg:squarederror,hist,True,66429.01973599201
500,0.09,10,1,3,reg:pseudohubererror,hist,True,4689940556.248134
500,0.09,10,1,3,reg:squaredlogerror,hist,True,575992.0538345638
500,0.09,10,1,4,reg:squarederror,hist,True,65735.65675780165
500,0.09,10,1,4,reg:pseudohubererror,hist,True,4689940556.248134
500,0.09,10,1,4,reg:squaredlogerror,hist,True,575992.0538345638
500,0.09,10,2,0,reg:squarederror,hist,True,76943.610702835
500,0.09,10,2,0,reg:pseudohubererror,hist,True,4689940556.248134
500,0.09,10,2,0,reg:squaredlogerror,hist,True,575992.0538345638
500,0.09,10,2,1,reg:squarederror,hist,True,66456.82235141732
500,0.09,10,2,1,reg:pseudohubererror,hist,True,4689940556.248134
500,0.09,10,2,1,reg:squaredlogerror,hist,True,575992.0538345638
500,0.09,10,2,2,reg:squarederror,hist,True,66771.9179068586
500,0.09,10,2,2,reg:pseudohubererror,hist,True,4689940556.248134
500,0.09,10,2,2,reg:squaredlogerror,hist,True,575992.0538345638
500,0.09,10,2,3,reg:squarederror,hist,True,66361.25402822378
500,0.09,10,2,3,reg:pseudohubererror,hist,True,4689940556.248134
500,0.09,10,2,3,reg:squaredlogerror,hist,True,575992.0538345638
500,0.09,10,2,4,reg:squarederror,hist,True,65675.15470197512
500,0.09,10,2,4,reg:pseudohubererror,hist,True,4689940556.248134
500,0.09,10,2,4,reg:squaredlogerror,hist,True,575992.0538345638
500,0.09,12,0,0,reg:squarederror,hist,True,84940.84047714571
500,0.09,12,0,0,reg:pseudohubererror,hist,True,4689940556.248134
500,0.09,12,0,0,reg:squaredlogerror,hist,True,575992.0538345638
500,0.09,12,0,1,reg:squarederror,hist,True,70856.9481310956
500,0.09,12,0,1,reg:pseudohubererror,hist,True,4689940556.248134
500,0.09,12,0,1,reg:squaredlogerror,hist,True,575992.0538345638
500,0.09,12,0,2,reg:squarederror,hist,True,68895.27269993398
500,0.09,12,0,2,reg:pseudohubererror,hist,True,4689940556.248134
500,0.09,12,0,2,reg:squaredlogerror,hist,True,575992.0538345638
500,0.09,12,0,3,reg:squarederror,hist,True,68644.7898437831
500,0.09,12,0,3,reg:pseudohubererror,hist,True,4689940556.248134
500,0.09,12,0,3,reg:squaredlogerror,hist,True,575992.0538345638
500,0.09,12,0,4,reg:squarederror,hist,True,68535.1512438801
500,0.09,12,0,4,reg:pseudohubererror,hist,True,4689940556.248134
500,0.09,12,0,4,reg:squaredlogerror,hist,True,575992.0538345638
500,0.09,12,1,0,reg:squarederror,hist,True,85334.27761024027
500,0.09,12,1,0,reg:pseudohubererror,hist,True,4689940556.248134
500,0.09,12,1,0,reg:squaredlogerror,hist,True,575992.0538345638
500,0.09,12,1,1,reg:squarederror,hist,True,71019.84208342737
500,0.09,12,1,1,reg:pseudohubererror,hist,True,4689940556.248134
500,0.09,12,1,1,reg:squaredlogerror,hist,True,575992.0538345638
500,0.09,12,1,2,reg:squarederror,hist,True,68853.8116279647
500,0.09,12,1,2,reg:pseudohubererror,hist,True,4689940556.248134
500,0.09,12,1,2,reg:squaredlogerror,hist,True,575992.0538345638
500,0.09,12,1,3,reg:squarederror,hist,True,68541.4271865051
500,0.09,12,1,3,reg:pseudohubererror,hist,True,4689940556.248134
500,0.09,12,1,3,reg:squaredlogerror,hist,True,575992.0538345638
500,0.09,12,1,4,reg:squarederror,hist,True,68608.42634222246
500,0.09,12,1,4,reg:pseudohubererror,hist,True,4689940556.248134
500,0.09,12,1,4,reg:squaredlogerror,hist,True,575992.0538345638
500,0.09,12,2,0,reg:squarederror,hist,True,85656.63183631217
500,0.09,12,2,0,reg:pseudohubererror,hist,True,4689940556.248134
500,0.09,12,2,0,reg:squaredlogerror,hist,True,575992.0538345638
500,0.09,12,2,1,reg:squarederror,hist,True,70868.71211936035
500,0.09,12,2,1,reg:pseudohubererror,hist,True,4689940556.248134
500,0.09,12,2,1,reg:squaredlogerror,hist,True,575992.0538345638
500,0.09,12,2,2,reg:squarederror,hist,True,70032.77986306133
500,0.09,12,2,2,reg:pseudohubererror,hist,True,4689940556.248134
500,0.09,12,2,2,reg:squaredlogerror,hist,True,575992.0538345638
500,0.09,12,2,3,reg:squarederror,hist,True,68520.44063510839
500,0.09,12,2,3,reg:pseudohubererror,hist,True,4689940556.248134
500,0.09,12,2,3,reg:squaredlogerror,hist,True,575992.0538345638
500,0.09,12,2,4,reg:squarederror,hist,True,68617.02321498442
500,0.09,12,2,4,reg:pseudohubererror,hist,True,4689940556.248134
500,0.09,12,2,4,reg:squaredlogerror,hist,True,575992.0538345638
750,0.01,6,0,0,reg:squarederror,hist,True,69284.3391318144
750,0.01,6,0,0,reg:pseudohubererror,hist,True,4689940556.248134
750,0.01,6,0,0,reg:squaredlogerror,hist,True,575992.0538345638
750,0.01,6,0,1,reg:squarederror,hist,True,68484.21665352052
750,0.01,6,0,1,reg:pseudohubererror,hist,True,4689940556.248134
750,0.01,6,0,1,reg:squaredlogerror,hist,True,575992.0538345638
750,0.01,6,0,2,reg:squarederror,hist,True,68255.78388260311
750,0.01,6,0,2,reg:pseudohubererror,hist,True,4689940556.248134
750,0.01,6,0,2,reg:squaredlogerror,hist,True,575992.0538345638
750,0.01,6,0,3,reg:squarederror,hist,True,69170.3784850001
750,0.01,6,0,3,reg:pseudohubererror,hist,True,4689940556.248134
750,0.01,6,0,3,reg:squaredlogerror,hist,True,575992.0538345638
750,0.01,6,0,4,reg:squarederror,hist,True,69654.26720966317
750,0.01,6,0,4,reg:pseudohubererror,hist,True,4689940556.248134
750,0.01,6,0,4,reg:squaredlogerror,hist,True,575992.0538345638
750,0.01,6,1,0,reg:squarederror,hist,True,69235.03260022371
750,0.01,6,1,0,reg:pseudohubererror,hist,True,4689940556.248134
750,0.01,6,1,0,reg:squaredlogerror,hist,True,575992.0538345638
750,0.01,6,1,1,reg:squarederror,hist,True,68638.30395752729
750,0.01,6,1,1,reg:pseudohubererror,hist,True,4689940556.248134
750,0.01,6,1,1,reg:squaredlogerror,hist,True,575992.0538345638
750,0.01,6,1,2,reg:squarederror,hist,True,68255.77833810117
750,0.01,6,1,2,reg:pseudohubererror,hist,True,4689940556.248134
750,0.01,6,1,2,reg:squaredlogerror,hist,True,575992.0538345638
750,0.01,6,1,3,reg:squarederror,hist,True,69202.12420511259
750,0.01,6,1,3,reg:pseudohubererror,hist,True,4689940556.248134
750,0.01,6,1,3,reg:squaredlogerror,hist,True,575992.0538345638
750,0.01,6,1,4,reg:squarederror,hist,True,69671.18792422704
750,0.01,6,1,4,reg:pseudohubererror,hist,True,4689940556.248134
750,0.01,6,1,4,reg:squaredlogerror,hist,True,575992.0538345638
750,0.01,6,2,0,reg:squarederror,hist,True,69284.47770163417
750,0.01,6,2,0,reg:pseudohubererror,hist,True,4689940556.248134
750,0.01,6,2,0,reg:squaredlogerror,hist,True,575992.0538345638
750,0.01,6,2,1,reg:squarederror,hist,True,68533.2280037258
750,0.01,6,2,1,reg:pseudohubererror,hist,True,4689940556.248134
750,0.01,6,2,1,reg:squaredlogerror,hist,True,575992.0538345638
750,0.01,6,2,2,reg:squarederror,hist,True,68255.78555563912
750,0.01,6,2,2,reg:pseudohubererror,hist,True,4689940556.248134
750,0.01,6,2,2,reg:squaredlogerror,hist,True,575992.0538345638
750,0.01,6,2,3,reg:squarederror,hist,True,69202.1305866198
750,0.01,6,2,3,reg:pseudohubererror,hist,True,4689940556.248134
750,0.01,6,2,3,reg:squaredlogerror,hist,True,575992.0538345638
750,0.01,6,2,4,reg:squarederror,hist,True,69671.18697169548
750,0.01,6,2,4,reg:pseudohubererror,hist,True,4689940556.248134
750,0.01,6,2,4,reg:squaredlogerror,hist,True,575992.0538345638
750,0.01,8,0,0,reg:squarederror,hist,True,70123.21430357396
750,0.01,8,0,0,reg:pseudohubererror,hist,True,4689940556.248134
750,0.01,8,0,0,reg:squaredlogerror,hist,True,575992.0538345638
750,0.01,8,0,1,reg:squarederror,hist,True,66553.60380696363
750,0.01,8,0,1,reg:pseudohubererror,hist,True,4689940556.248134
750,0.01,8,0,1,reg:squaredlogerror,hist,True,575992.0538345638
750,0.01,8,0,2,reg:squarederror,hist,True,64637.22616463258
750,0.01,8,0,2,reg:pseudohubererror,hist,True,4689940556.248134
750,0.01,8,0,2,reg:squaredlogerror,hist,True,575992.0538345638
750,0.01,8,0,3,reg:squarederror,hist,True,67345.35728205628
750,0.01,8,0,3,reg:pseudohubererror,hist,True,4689940556.248134
750,0.01,8,0,3,reg:squaredlogerror,hist,True,575992.0538345638
750,0.01,8,0,4,reg:squarederror,hist,True,67194.69173805171
750,0.01,8,0,4,reg:pseudohubererror,hist,True,4689940556.248134
750,0.01,8,0,4,reg:squaredlogerror,hist,True,575992.0538345638
750,0.01,8,1,0,reg:squarederror,hist,True,69612.11926793391
750,0.01,8,1,0,reg:pseudohubererror,hist,True,4689940556.248134
750,0.01,8,1,0,reg:squaredlogerror,hist,True,575992.0538345638
750,0.01,8,1,1,reg:squarederror,hist,True,66915.26015386474
750,0.01,8,1,1,reg:pseudohubererror,hist,True,4689940556.248134
750,0.01,8,1,1,reg:squaredlogerror,hist,True,575992.0538345638
750,0.01,8,1,2,reg:squarederror,hist,True,64835.25492546373
750,0.01,8,1,2,reg:pseudohubererror,hist,True,4689940556.248134
750,0.01,8,1,2,reg:squaredlogerror,hist,True,575992.0538345638
750,0.01,8,1,3,reg:squarederror,hist,True,66539.37205590171
750,0.01,8,1,3,reg:pseudohubererror,hist,True,4689940556.248134
750,0.01,8,1,3,reg:squaredlogerror,hist,True,575992.0538345638
750,0.01,8,1,4,reg:squarederror,hist,True,67382.6752024555
750,0.01,8,1,4,reg:pseudohubererror,hist,True,4689940556.248134
750,0.01,8,1,4,reg:squaredlogerror,hist,True,575992.0538345638
750,0.01,8,2,0,reg:squarederror,hist,True,70286.83710129188
750,0.01,8,2,0,reg:pseudohubererror,hist,True,4689940556.248134
750,0.01,8,2,0,reg:squaredlogerror,hist,True,575992.0538345638
750,0.01,8,2,1,reg:squarederror,hist,True,66153.15639686411
750,0.01,8,2,1,reg:pseudohubererror,hist,True,4689940556.248134
750,0.01,8,2,1,reg:squaredlogerror,hist,True,575992.0538345638
750,0.01,8,2,2,reg:squarederror,hist,True,64616.6587269942
750,0.01,8,2,2,reg:pseudohubererror,hist,True,4689940556.248134
750,0.01,8,2,2,reg:squaredlogerror,hist,True,575992.0538345638
750,0.01,8,2,3,reg:squarederror,hist,True,66527.04331286972
750,0.01,8,2,3,reg:pseudohubererror,hist,True,4689940556.248134
750,0.01,8,2,3,reg:squaredlogerror,hist,True,575992.0538345638
750,0.01,8,2,4,reg:squarederror,hist,True,67341.85020144706
750,0.01,8,2,4,reg:pseudohubererror,hist,True,4689940556.248134
750,0.01,8,2,4,reg:squaredlogerror,hist,True,575992.0538345638
750,0.01,10,0,0,reg:squarederror,hist,True,77478.77959536029
750,0.01,10,0,0,reg:pseudohubererror,hist,True,4689940556.248134
750,0.01,10,0,0,reg:squaredlogerror,hist,True,575992.0538345638
750,0.01,10,0,1,reg:squarederror,hist,True,69607.87793620872
750,0.01,10,0,1,reg:pseudohubererror,hist,True,4689940556.248134
750,0.01,10,0,1,reg:squaredlogerror,hist,True,575992.0538345638
750,0.01,10,0,2,reg:squarederror,hist,True,68597.73235437606
750,0.01,10,0,2,reg:pseudohubererror,hist,True,4689940556.248134
750,0.01,10,0,2,reg:squaredlogerror,hist,True,575992.0538345638
750,0.01,10,0,3,reg:squarederror,hist,True,68875.4191455379
750,0.01,10,0,3,reg:pseudohubererror,hist,True,4689940556.248134
750,0.01,10,0,3,reg:squaredlogerror,hist,True,575992.0538345638
750,0.01,10,0,4,reg:squarederror,hist,True,69872.41421971231
750,0.01,10,0,4,reg:pseudohubererror,hist,True,4689940556.248134
750,0.01,10,0,4,reg:squaredlogerror,hist,True,575992.0538345638
750,0.01,10,1,0,reg:squarederror,hist,True,77513.50185839589
750,0.01,10,1,0,reg:pseudohubererror,hist,True,4689940556.248134
750,0.01,10,1,0,reg:squaredlogerror,hist,True,575992.0538345638
750,0.01,10,1,1,reg:squarederror,hist,True,70155.65682902529
750,0.01,10,1,1,reg:pseudohubererror,hist,True,4689940556.248134
750,0.01,10,1,1,reg:squaredlogerror,hist,True,575992.0538345638
750,0.01,10,1,2,reg:squarederror,hist,True,69432.13904175095
750,0.01,10,1,2,reg:pseudohubererror,hist,True,4689940556.248134
750,0.01,10,1,2,reg:squaredlogerror,hist,True,575992.0538345638
750,0.01,10,1,3,reg:squarederror,hist,True,69170.61352806583
750,0.01,10,1,3,reg:pseudohubererror,hist,True,4689940556.248134
750,0.01,10,1,3,reg:squaredlogerror,hist,True,575992.0538345638
750,0.01,10,1,4,reg:squarederror,hist,True,70060.567274507
750,0.01,10,1,4,reg:pseudohubererror,hist,True,4689940556.248134
750,0.01,10,1,4,reg:squaredlogerror,hist,True,575992.0538345638
750,0.01,10,2,0,reg:squarederror,hist,True,77899.61164317405
750,0.01,10,2,0,reg:pseudohubererror,hist,True,4689940556.248134
750,0.01,10,2,0,reg:squaredlogerror,hist,True,575992.0538345638
750,0.01,10,2,1,reg:squarederror,hist,True,69437.64169090053
750,0.01,10,2,1,reg:pseudohubererror,hist,True,4689940556.248134
750,0.01,10,2,1,reg:squaredlogerror,hist,True,575992.0538345638
750,0.01,10,2,2,reg:squarederror,hist,True,68666.62347894834
750,0.01,10,2,2,reg:pseudohubererror,hist,True,4689940556.248134
750,0.01,10,2,2,reg:squaredlogerror,hist,True,575992.0538345638
750,0.01,10,2,3,reg:squarederror,hist,True,69204.52328316732
750,0.01,10,2,3,reg:pseudohubererror,hist,True,4689940556.248134
750,0.01,10,2,3,reg:squaredlogerror,hist,True,575992.0538345638
750,0.01,10,2,4,reg:squarederror,hist,True,69324.25765603391
750,0.01,10,2,4,reg:pseudohubererror,hist,True,4689940556.248134
750,0.01,10,2,4,reg:squaredlogerror,hist,True,575992.0538345638
750,0.01,12,0,0,reg:squarederror,hist,True,85407.74733195573
750,0.01,12,0,0,reg:pseudohubererror,hist,True,4689940556.248134
750,0.01,12,0,0,reg:squaredlogerror,hist,True,575992.0538345638
750,0.01,12,0,1,reg:squarederror,hist,True,72309.67456456137
750,0.01,12,0,1,reg:pseudohubererror,hist,True,4689940556.248134
750,0.01,12,0,1,reg:squaredlogerror,hist,True,575992.0538345638
750,0.01,12,0,2,reg:squarederror,hist,True,69992.43231418834
750,0.01,12,0,2,reg:pseudohubererror,hist,True,4689940556.248134
750,0.01,12,0,2,reg:squaredlogerror,hist,True,575992.0538345638
750,0.01,12,0,3,reg:squarederror,hist,True,69413.54652826411
750,0.01,12,0,3,reg:pseudohubererror,hist,True,4689940556.248134
750,0.01,12,0,3,reg:squaredlogerror,hist,True,575992.0538345638
750,0.01,12,0,4,reg:squarederror,hist,True,70929.25721083443
750,0.01,12,0,4,reg:pseudohubererror,hist,True,4689940556.248134
750,0.01,12,0,4,reg:squaredlogerror,hist,True,575992.0538345638
750,0.01,12,1,0,reg:squarederror,hist,True,84904.28336231252
750,0.01,12,1,0,reg:pseudohubererror,hist,True,4689940556.248134
750,0.01,12,1,0,reg:squaredlogerror,hist,True,575992.0538345638
750,0.01,12,1,1,reg:squarederror,hist,True,72392.49548481227
750,0.01,12,1,1,reg:pseudohubererror,hist,True,4689940556.248134
750,0.01,12,1,1,reg:squaredlogerror,hist,True,575992.0538345638
750,0.01,12,1,2,reg:squarederror,hist,True,69573.3285319542
750,0.01,12,1,2,reg:pseudohubererror,hist,True,4689940556.248134
750,0.01,12,1,2,reg:squaredlogerror,hist,True,575992.0538345638
750,0.01,12,1,3,reg:squarederror,hist,True,70030.6501217537
750,0.01,12,1,3,reg:pseudohubererror,hist,True,4689940556.248134
750,0.01,12,1,3,reg:squaredlogerror,hist,True,575992.0538345638
750,0.01,12,1,4,reg:squarederror,hist,True,70304.11935445308
750,0.01,12,1,4,reg:pseudohubererror,hist,True,4689940556.248134
750,0.01,12,1,4,reg:squaredlogerror,hist,True,575992.0538345638
750,0.01,12,2,0,reg:squarederror,hist,True,84849.37302756523
750,0.01,12,2,0,reg:pseudohubererror,hist,True,4689940556.248134
750,0.01,12,2,0,reg:squaredlogerror,hist,True,575992.0538345638
750,0.01,12,2,1,reg:squarederror,hist,True,72508.45769971242
750,0.01,12,2,1,reg:pseudohubererror,hist,True,4689940556.248134
750,0.01,12,2,1,reg:squaredlogerror,hist,True,575992.0538345638
750,0.01,12,2,2,reg:squarederror,hist,True,69730.15011408753
750,0.01,12,2,2,reg:pseudohubererror,hist,True,4689940556.248134
750,0.01,12,2,2,reg:squaredlogerror,hist,True,575992.0538345638
750,0.01,12,2,3,reg:squarederror,hist,True,70198.8426091032
750,0.01,12,2,3,reg:pseudohubererror,hist,True,4689940556.248134
750,0.01,12,2,3,reg:squaredlogerror,hist,True,575992.0538345638
750,0.01,12,2,4,reg:squarederror,hist,True,70265.42164552922
750,0.01,12,2,4,reg:pseudohubererror,hist,True,4689940556.248134
750,0.01,12,2,4,reg:squaredlogerror,hist,True,575992.0538345638
750,0.03,6,0,0,reg:squarederror,hist,True,65108.754122445265
750,0.03,6,0,0,reg:pseudohubererror,hist,True,4689940556.248134
750,0.03,6,0,0,reg:squaredlogerror,hist,True,575992.0538345638
750,0.03,6,0,1,reg:squarederror,hist,True,63423.05799523575
750,0.03,6,0,1,reg:pseudohubererror,hist,True,4689940556.248134
750,0.03,6,0,1,reg:squaredlogerror,hist,True,575992.0538345638
750,0.03,6,0,2,reg:squarederror,hist,True,63430.48146365723
750,0.03,6,0,2,reg:pseudohubererror,hist,True,4689940556.248134
750,0.03,6,0,2,reg:squaredlogerror,hist,True,575992.0538345638
750,0.03,6,0,3,reg:squarederror,hist,True,64135.9090530877
750,0.03,6,0,3,reg:pseudohubererror,hist,True,4689940556.248134
750,0.03,6,0,3,reg:squaredlogerror,hist,True,575992.0538345638
750,0.03,6,0,4,reg:squarederror,hist,True,64039.848759223016
750,0.03,6,0,4,reg:pseudohubererror,hist,True,4689940556.248134
750,0.03,6,0,4,reg:squaredlogerror,hist,True,575992.0538345638
750,0.03,6,1,0,reg:squarederror,hist,True,64976.819190801994
750,0.03,6,1,0,reg:pseudohubererror,hist,True,4689940556.248134
750,0.03,6,1,0,reg:squaredlogerror,hist,True,575992.0538345638
750,0.03,6,1,1,reg:squarederror,hist,True,63416.20850400735
750,0.03,6,1,1,reg:pseudohubererror,hist,True,4689940556.248134
750,0.03,6,1,1,reg:squaredlogerror,hist,True,575992.0538345638
750,0.03,6,1,2,reg:squarederror,hist,True,63419.07724713934
750,0.03,6,1,2,reg:pseudohubererror,hist,True,4689940556.248134
750,0.03,6,1,2,reg:squaredlogerror,hist,True,575992.0538345638
750,0.03,6,1,3,reg:squarederror,hist,True,64135.9158934333
750,0.03,6,1,3,reg:pseudohubererror,hist,True,4689940556.248134
750,0.03,6,1,3,reg:squaredlogerror,hist,True,575992.0538345638
750,0.03,6,1,4,reg:squarederror,hist,True,63723.183941176874
750,0.03,6,1,4,reg:pseudohubererror,hist,True,4689940556.248134
750,0.03,6,1,4,reg:squaredlogerror,hist,True,575992.0538345638
750,0.03,6,2,0,reg:squarederror,hist,True,64863.58415527688
750,0.03,6,2,0,reg:pseudohubererror,hist,True,4689940556.248134
750,0.03,6,2,0,reg:squaredlogerror,hist,True,575992.0538345638
750,0.03,6,2,1,reg:squarederror,hist,True,63285.15968094062
750,0.03,6,2,1,reg:pseudohubererror,hist,True,4689940556.248134
750,0.03,6,2,1,reg:squaredlogerror,hist,True,575992.0538345638
750,0.03,6,2,2,reg:squarederror,hist,True,63470.10640021594
750,0.03,6,2,2,reg:pseudohubererror,hist,True,4689940556.248134
750,0.03,6,2,2,reg:squaredlogerror,hist,True,575992.0538345638
750,0.03,6,2,3,reg:squarederror,hist,True,63807.070143326455
750,0.03,6,2,3,reg:pseudohubererror,hist,True,4689940556.248134
750,0.03,6,2,3,reg:squaredlogerror,hist,True,575992.0538345638
750,0.03,6,2,4,reg:squarederror,hist,True,63537.92244922975
750,0.03,6,2,4,reg:pseudohubererror,hist,True,4689940556.248134
750,0.03,6,2,4,reg:squaredlogerror,hist,True,575992.0538345638
750,0.03,8,0,0,reg:squarederror,hist,True,67614.82676581375
750,0.03,8,0,0,reg:pseudohubererror,hist,True,4689940556.248134
750,0.03,8,0,0,reg:squaredlogerror,hist,True,575992.0538345638
750,0.03,8,0,1,reg:squarederror,hist,True,64112.605971458375
750,0.03,8,0,1,reg:pseudohubererror,hist,True,4689940556.248134
750,0.03,8,0,1,reg:squaredlogerror,hist,True,575992.0538345638
750,0.03,8,0,2,reg:squarederror,hist,True,61018.00495538031
750,0.03,8,0,2,reg:pseudohubererror,hist,True,4689940556.248134
750,0.03,8,0,2,reg:squaredlogerror,hist,True,575992.0538345638
750,0.03,8,0,3,reg:squarederror,hist,True,62333.1413204044
750,0.03,8,0,3,reg:pseudohubererror,hist,True,4689940556.248134
750,0.03,8,0,3,reg:squaredlogerror,hist,True,575992.0538345638
750,0.03,8,0,4,reg:squarederror,hist,True,62609.56796186754
750,0.03,8,0,4,reg:pseudohubererror,hist,True,4689940556.248134
750,0.03,8,0,4,reg:squaredlogerror,hist,True,575992.0538345638
750,0.03,8,1,0,reg:squarederror,hist,True,66879.16881865445
750,0.03,8,1,0,reg:pseudohubererror,hist,True,4689940556.248134
750,0.03,8,1,0,reg:squaredlogerror,hist,True,575992.0538345638
750,0.03,8,1,1,reg:squarederror,hist,True,64408.27170441116
750,0.03,8,1,1,reg:pseudohubererror,hist,True,4689940556.248134
750,0.03,8,1,1,reg:squaredlogerror,hist,True,575992.0538345638
750,0.03,8,1,2,reg:squarederror,hist,True,61067.32604767092
750,0.03,8,1,2,reg:pseudohubererror,hist,True,4689940556.248134
750,0.03,8,1,2,reg:squaredlogerror,hist,True,575992.0538345638
750,0.03,8,1,3,reg:squarederror,hist,True,62333.142983717145
750,0.03,8,1,3,reg:pseudohubererror,hist,True,4689940556.248134
750,0.03,8,1,3,reg:squaredlogerror,hist,True,575992.0538345638
750,0.03,8,1,4,reg:squarederror,hist,True,62645.76098755403
750,0.03,8,1,4,reg:pseudohubererror,hist,True,4689940556.248134
750,0.03,8,1,4,reg:squaredlogerror,hist,True,575992.0538345638
750,0.03,8,2,0,reg:squarederror,hist,True,67599.14256437603
750,0.03,8,2,0,reg:pseudohubererror,hist,True,4689940556.248134
750,0.03,8,2,0,reg:squaredlogerror,hist,True,575992.0538345638
750,0.03,8,2,1,reg:squarederror,hist,True,63681.1050957165
750,0.03,8,2,1,reg:pseudohubererror,hist,True,4689940556.248134
750,0.03,8,2,1,reg:squaredlogerror,hist,True,575992.0538345638
750,0.03,8,2,2,reg:squarederror,hist,True,60961.68861519231
750,0.03,8,2,2,reg:pseudohubererror,hist,True,4689940556.248134
750,0.03,8,2,2,reg:squaredlogerror,hist,True,575992.0538345638
750,0.03,8,2,3,reg:squarederror,hist,True,62635.976322004106
750,0.03,8,2,3,reg:pseudohubererror,hist,True,4689940556.248134
750,0.03,8,2,3,reg:squaredlogerror,hist,True,575992.0538345638
750,0.03,8,2,4,reg:squarederror,hist,True,62897.83725486235
750,0.03,8,2,4,reg:pseudohubererror,hist,True,4689940556.248134
750,0.03,8,2,4,reg:squaredlogerror,hist,True,575992.0538345638
750,0.03,10,0,0,reg:squarederror,hist,True,76559.34085213368
750,0.03,10,0,0,reg:pseudohubererror,hist,True,4689940556.248134
750,0.03,10,0,0,reg:squaredlogerror,hist,True,575992.0538345638
750,0.03,10,0,1,reg:squarederror,hist,True,68837.34951863579
750,0.03,10,0,1,reg:pseudohubererror,hist,True,4689940556.248134
750,0.03,10,0,1,reg:squaredlogerror,hist,True,575992.0538345638
750,0.03,10,0,2,reg:squarederror,hist,True,65676.02277482026
750,0.03,10,0,2,reg:pseudohubererror,hist,True,4689940556.248134
750,0.03,10,0,2,reg:squaredlogerror,hist,True,575992.0538345638
750,0.03,10,0,3,reg:squarederror,hist,True,66548.7630331584
750,0.03,10,0,3,reg:pseudohubererror,hist,True,4689940556.248134
750,0.03,10,0,3,reg:squaredlogerror,hist,True,575992.0538345638
750,0.03,10,0,4,reg:squarederror,hist,True,67969.0534640744
750,0.03,10,0,4,reg:pseudohubererror,hist,True,4689940556.248134
750,0.03,10,0,4,reg:squaredlogerror,hist,True,575992.0538345638
750,0.03,10,1,0,reg:squarederror,hist,True,76443.37389744303
750,0.03,10,1,0,reg:pseudohubererror,hist,True,4689940556.248134
750,0.03,10,1,0,reg:squaredlogerror,hist,True,575992.0538345638
750,0.03,10,1,1,reg:squarederror,hist,True,68690.78923473152
750,0.03,10,1,1,reg:pseudohubererror,hist,True,4689940556.248134
750,0.03,10,1,1,reg:squaredlogerror,hist,True,575992.0538345638
750,0.03,10,1,2,reg:squarederror,hist,True,66044.99179996797
750,0.03,10,1,2,reg:pseudohubererror,hist,True,4689940556.248134
750,0.03,10,1,2,reg:squaredlogerror,hist,True,575992.0538345638
750,0.03,10,1,3,reg:squarederror,hist,True,66512.14084005673
750,0.03,10,1,3,reg:pseudohubererror,hist,True,4689940556.248134
750,0.03,10,1,3,reg:squaredlogerror,hist,True,575992.0538345638
750,0.03,10,1,4,reg:squarederror,hist,True,67870.7796769721
750,0.03,10,1,4,reg:pseudohubererror,hist,True,4689940556.248134
750,0.03,10,1,4,reg:squaredlogerror,hist,True,575992.0538345638
750,0.03,10,2,0,reg:squarederror,hist,True,76604.1998439001
750,0.03,10,2,0,reg:pseudohubererror,hist,True,4689940556.248134
750,0.03,10,2,0,reg:squaredlogerror,hist,True,575992.0538345638
750,0.03,10,2,1,reg:squarederror,hist,True,69099.58506311162
750,0.03,10,2,1,reg:pseudohubererror,hist,True,4689940556.248134
750,0.03,10,2,1,reg:squaredlogerror,hist,True,575992.0538345638
750,0.03,10,2,2,reg:squarederror,hist,True,65797.2003399959
750,0.03,10,2,2,reg:pseudohubererror,hist,True,4689940556.248134
750,0.03,10,2,2,reg:squaredlogerror,hist,True,575992.0538345638
750,0.03,10,2,3,reg:squarederror,hist,True,66452.94761531259
750,0.03,10,2,3,reg:pseudohubererror,hist,True,4689940556.248134
750,0.03,10,2,3,reg:squaredlogerror,hist,True,575992.0538345638
750,0.03,10,2,4,reg:squarederror,hist,True,67893.86275023689
750,0.03,10,2,4,reg:pseudohubererror,hist,True,4689940556.248134
750,0.03,10,2,4,reg:squaredlogerror,hist,True,575992.0538345638
750,0.03,12,0,0,reg:squarederror,hist,True,85099.53515989585
750,0.03,12,0,0,reg:pseudohubererror,hist,True,4689940556.248134
750,0.03,12,0,0,reg:squaredlogerror,hist,True,575992.0538345638
750,0.03,12,0,1,reg:squarederror,hist,True,71415.6916854425
750,0.03,12,0,1,reg:pseudohubererror,hist,True,4689940556.248134
750,0.03,12,0,1,reg:squaredlogerror,hist,True,575992.0538345638
750,0.03,12,0,2,reg:squarederror,hist,True,70076.64434205096
750,0.03,12,0,2,reg:pseudohubererror,hist,True,4689940556.248134
750,0.03,12,0,2,reg:squaredlogerror,hist,True,575992.0538345638
750,0.03,12,0,3,reg:squarederror,hist,True,69368.79456867753
750,0.03,12,0,3,reg:pseudohubererror,hist,True,4689940556.248134
750,0.03,12,0,3,reg:squaredlogerror,hist,True,575992.0538345638
750,0.03,12,0,4,reg:squarederror,hist,True,69026.52851196573
750,0.03,12,0,4,reg:pseudohubererror,hist,True,4689940556.248134
750,0.03,12,0,4,reg:squaredlogerror,hist,True,575992.0538345638
750,0.03,12,1,0,reg:squarederror,hist,True,85180.53233420361
750,0.03,12,1,0,reg:pseudohubererror,hist,True,4689940556.248134
750,0.03,12,1,0,reg:squaredlogerror,hist,True,575992.0538345638
750,0.03,12,1,1,reg:squarederror,hist,True,71211.71254629083
750,0.03,12,1,1,reg:pseudohubererror,hist,True,4689940556.248134
750,0.03,12,1,1,reg:squaredlogerror,hist,True,575992.0538345638
750,0.03,12,1,2,reg:squarederror,hist,True,69916.26526017013
750,0.03,12,1,2,reg:pseudohubererror,hist,True,4689940556.248134
750,0.03,12,1,2,reg:squaredlogerror,hist,True,575992.0538345638
750,0.03,12,1,3,reg:squarederror,hist,True,68915.27972613787
750,0.03,12,1,3,reg:pseudohubererror,hist,True,4689940556.248134
750,0.03,12,1,3,reg:squaredlogerror,hist,True,575992.0538345638
750,0.03,12,1,4,reg:squarederror,hist,True,68968.71184233979
750,0.03,12,1,4,reg:pseudohubererror,hist,True,4689940556.248134
750,0.03,12,1,4,reg:squaredlogerror,hist,True,575992.0538345638
750,0.03,12,2,0,reg:squarederror,hist,True,85387.00317282148
750,0.03,12,2,0,reg:pseudohubererror,hist,True,4689940556.248134
750,0.03,12,2,0,reg:squaredlogerror,hist,True,575992.0538345638
750,0.03,12,2,1,reg:squarederror,hist,True,71381.49274530188
750,0.03,12,2,1,reg:pseudohubererror,hist,True,4689940556.248134
750,0.03,12,2,1,reg:squaredlogerror,hist,True,575992.0538345638
750,0.03,12,2,2,reg:squarederror,hist,True,69919.82977727408
750,0.03,12,2,2,reg:pseudohubererror,hist,True,4689940556.248134
750,0.03,12,2,2,reg:squaredlogerror,hist,True,575992.0538345638
750,0.03,12,2,3,reg:squarederror,hist,True,69087.05898111209
750,0.03,12,2,3,reg:pseudohubererror,hist,True,4689940556.248134
750,0.03,12,2,3,reg:squaredlogerror,hist,True,575992.0538345638
750,0.03,12,2,4,reg:squarederror,hist,True,68861.54112655301
750,0.03,12,2,4,reg:pseudohubererror,hist,True,4689940556.248134
750,0.03,12,2,4,reg:squaredlogerror,hist,True,575992.0538345638
750,0.05,6,0,0,reg:squarederror,hist,True,64867.78334173693
750,0.05,6,0,0,reg:pseudohubererror,hist,True,4689940556.248134
750,0.05,6,0,0,reg:squaredlogerror,hist,True,575992.0538345638
750,0.05,6,0,1,reg:squarederror,hist,True,62961.92275778872
750,0.05,6,0,1,reg:pseudohubererror,hist,True,4689940556.248134
750,0.05,6,0,1,reg:squaredlogerror,hist,True,575992.0538345638
750,0.05,6,0,2,reg:squarederror,hist,True,62667.86359589619
750,0.05,6,0,2,reg:pseudohubererror,hist,True,4689940556.248134
750,0.05,6,0,2,reg:squaredlogerror,hist,True,575992.0538345638
750,0.05,6,0,3,reg:squarederror,hist,True,62184.44068689524
750,0.05,6,0,3,reg:pseudohubererror,hist,True,4689940556.248134
750,0.05,6,0,3,reg:squaredlogerror,hist,True,575992.0538345638
750,0.05,6,0,4,reg:squarederror,hist,True,61931.06814795588
750,0.05,6,0,4,reg:pseudohubererror,hist,True,4689940556.248134
750,0.05,6,0,4,reg:squaredlogerror,hist,True,575992.0538345638
750,0.05,6,1,0,reg:squarederror,hist,True,64697.743013765714
750,0.05,6,1,0,reg:pseudohubererror,hist,True,4689940556.248134
750,0.05,6,1,0,reg:squaredlogerror,hist,True,575992.0538345638
750,0.05,6,1,1,reg:squarederror,hist,True,62686.20408037211
750,0.05,6,1,1,reg:pseudohubererror,hist,True,4689940556.248134
750,0.05,6,1,1,reg:squaredlogerror,hist,True,575992.0538345638
750,0.05,6,1,2,reg:squarederror,hist,True,62551.03750181533
750,0.05,6,1,2,reg:pseudohubererror,hist,True,4689940556.248134
750,0.05,6,1,2,reg:squaredlogerror,hist,True,575992.0538345638
750,0.05,6,1,3,reg:squarederror,hist,True,62010.158515417424
750,0.05,6,1,3,reg:pseudohubererror,hist,True,4689940556.248134
750,0.05,6,1,3,reg:squaredlogerror,hist,True,575992.0538345638
750,0.05,6,1,4,reg:squarederror,hist,True,62035.47007392217
750,0.05,6,1,4,reg:pseudohubererror,hist,True,4689940556.248134
750,0.05,6,1,4,reg:squaredlogerror,hist,True,575992.0538345638
750,0.05,6,2,0,reg:squarederror,hist,True,64757.619501011155
750,0.05,6,2,0,reg:pseudohubererror,hist,True,4689940556.248134
750,0.05,6,2,0,reg:squaredlogerror,hist,True,575992.0538345638
750,0.05,6,2,1,reg:squarederror,hist,True,62686.20018407169
750,0.05,6,2,1,reg:pseudohubererror,hist,True,4689940556.248134
750,0.05,6,2,1,reg:squaredlogerror,hist,True,575992.0538345638
750,0.05,6,2,2,reg:squarederror,hist,True,62828.97809226818
750,0.05,6,2,2,reg:pseudohubererror,hist,True,4689940556.248134
750,0.05,6,2,2,reg:squaredlogerror,hist,True,575992.0538345638
750,0.05,6,2,3,reg:squarederror,hist,True,62079.30303253728
750,0.05,6,2,3,reg:pseudohubererror,hist,True,4689940556.248134
750,0.05,6,2,3,reg:squaredlogerror,hist,True,575992.0538345638
750,0.05,6,2,4,reg:squarederror,hist,True,62025.75280542744
750,0.05,6,2,4,reg:pseudohubererror,hist,True,4689940556.248134
750,0.05,6,2,4,reg:squaredlogerror,hist,True,575992.0538345638
750,0.05,8,0,0,reg:squarederror,hist,True,67731.17062787428
750,0.05,8,0,0,reg:pseudohubererror,hist,True,4689940556.248134
750,0.05,8,0,0,reg:squaredlogerror,hist,True,575992.0538345638
750,0.05,8,0,1,reg:squarederror,hist,True,65339.39748157832
750,0.05,8,0,1,reg:pseudohubererror,hist,True,4689940556.248134
750,0.05,8,0,1,reg:squaredlogerror,hist,True,575992.0538345638
750,0.05,8,0,2,reg:squarederror,hist,True,61842.78454643741
750,0.05,8,0,2,reg:pseudohubererror,hist,True,4689940556.248134
750,0.05,8,0,2,reg:squaredlogerror,hist,True,575992.0538345638
750,0.05,8,0,3,reg:squarederror,hist,True,63224.00753206039
750,0.05,8,0,3,reg:pseudohubererror,hist,True,4689940556.248134
750,0.05,8,0,3,reg:squaredlogerror,hist,True,575992.0538345638
750,0.05,8,0,4,reg:squarederror,hist,True,63038.19560797408
750,0.05,8,0,4,reg:pseudohubererror,hist,True,4689940556.248134
750,0.05,8,0,4,reg:squaredlogerror,hist,True,575992.0538345638
750,0.05,8,1,0,reg:squarederror,hist,True,67642.37584560807
750,0.05,8,1,0,reg:pseudohubererror,hist,True,4689940556.248134
750,0.05,8,1,0,reg:squaredlogerror,hist,True,575992.0538345638
750,0.05,8,1,1,reg:squarederror,hist,True,65025.97588411104
750,0.05,8,1,1,reg:pseudohubererror,hist,True,4689940556.248134
750,0.05,8,1,1,reg:squaredlogerror,hist,True,575992.0538345638
750,0.05,8,1,2,reg:squarederror,hist,True,61622.22532243318
750,0.05,8,1,2,reg:pseudohubererror,hist,True,4689940556.248134
750,0.05,8,1,2,reg:squaredlogerror,hist,True,575992.0538345638
750,0.05,8,1,3,reg:squarederror,hist,True,63351.16252951328
750,0.05,8,1,3,reg:pseudohubererror,hist,True,4689940556.248134
750,0.05,8,1,3,reg:squaredlogerror,hist,True,575992.0538345638
750,0.05,8,1,4,reg:squarederror,hist,True,62652.75392388863
750,0.05,8,1,4,reg:pseudohubererror,hist,True,4689940556.248134
750,0.05,8,1,4,reg:squaredlogerror,hist,True,575992.0538345638
750,0.05,8,2,0,reg:squarederror,hist,True,67432.34647673169
750,0.05,8,2,0,reg:pseudohubererror,hist,True,4689940556.248134
750,0.05,8,2,0,reg:squaredlogerror,hist,True,575992.0538345638
750,0.05,8,2,1,reg:squarederror,hist,True,64950.47843570427
750,0.05,8,2,1,reg:pseudohubererror,hist,True,4689940556.248134
750,0.05,8,2,1,reg:squaredlogerror,hist,True,575992.0538345638
750,0.05,8,2,2,reg:squarederror,hist,True,61627.98739442596
750,0.05,8,2,2,reg:pseudohubererror,hist,True,4689940556.248134
750,0.05,8,2,2,reg:squaredlogerror,hist,True,575992.0538345638
750,0.05,8,2,3,reg:squarederror,hist,True,63312.80449728456
750,0.05,8,2,3,reg:pseudohubererror,hist,True,4689940556.248134
750,0.05,8,2,3,reg:squaredlogerror,hist,True,575992.0538345638
750,0.05,8,2,4,reg:squarederror,hist,True,62713.882925499165
750,0.05,8,2,4,reg:pseudohubererror,hist,True,4689940556.248134
750,0.05,8,2,4,reg:squaredlogerror,hist,True,575992.0538345638
750,0.05,10,0,0,reg:squarederror,hist,True,76789.71441939748
750,0.05,10,0,0,reg:pseudohubererror,hist,True,4689940556.248134
750,0.05,10,0,0,reg:squaredlogerror,hist,True,575992.0538345638
750,0.05,10,0,1,reg:squarederror,hist,True,67831.687847469
750,0.05,10,0,1,reg:pseudohubererror,hist,True,4689940556.248134
750,0.05,10,0,1,reg:squaredlogerror,hist,True,575992.0538345638
750,0.05,10,0,2,reg:squarederror,hist,True,66565.26813521296
750,0.05,10,0,2,reg:pseudohubererror,hist,True,4689940556.248134
750,0.05,10,0,2,reg:squaredlogerror,hist,True,575992.0538345638
750,0.05,10,0,3,reg:squarederror,hist,True,66305.38697211932
750,0.05,10,0,3,reg:pseudohubererror,hist,True,4689940556.248134
750,0.05,10,0,3,reg:squaredlogerror,hist,True,575992.0538345638
750,0.05,10,0,4,reg:squarederror,hist,True,66044.2879706211
750,0.05,10,0,4,reg:pseudohubererror,hist,True,4689940556.248134
750,0.05,10,0,4,reg:squaredlogerror,hist,True,575992.0538345638
750,0.05,10,1,0,reg:squarederror,hist,True,76713.88194354932
750,0.05,10,1,0,reg:pseudohubererror,hist,True,4689940556.248134
750,0.05,10,1,0,reg:squaredlogerror,hist,True,575992.0538345638
750,0.05,10,1,1,reg:squarederror,hist,True,68207.08896474277
750,0.05,10,1,1,reg:pseudohubererror,hist,True,4689940556.248134
750,0.05,10,1,1,reg:squaredlogerror,hist,True,575992.0538345638
750,0.05,10,1,2,reg:squarederror,hist,True,66576.63121129764
750,0.05,10,1,2,reg:pseudohubererror,hist,True,4689940556.248134
750,0.05,10,1,2,reg:squaredlogerror,hist,True,575992.0538345638
750,0.05,10,1,3,reg:squarederror,hist,True,66672.69063987253
750,0.05,10,1,3,reg:pseudohubererror,hist,True,4689940556.248134
750,0.05,10,1,3,reg:squaredlogerror,hist,True,575992.0538345638
750,0.05,10,1,4,reg:squarederror,hist,True,65814.13870234086
750,0.05,10,1,4,reg:pseudohubererror,hist,True,4689940556.248134
750,0.05,10,1,4,reg:squaredlogerror,hist,True,575992.0538345638
750,0.05,10,2,0,reg:squarederror,hist,True,76541.87622386498
750,0.05,10,2,0,reg:pseudohubererror,hist,True,4689940556.248134
750,0.05,10,2,0,reg:squaredlogerror,hist,True,575992.0538345638
750,0.05,10,2,1,reg:squarederror,hist,True,67175.67416820458
750,0.05,10,2,1,reg:pseudohubererror,hist,True,4689940556.248134
750,0.05,10,2,1,reg:squaredlogerror,hist,True,575992.0538345638
750,0.05,10,2,2,reg:squarederror,hist,True,66578.80816986893
750,0.05,10,2,2,reg:pseudohubererror,hist,True,4689940556.248134
750,0.05,10,2,2,reg:squaredlogerror,hist,True,575992.0538345638
750,0.05,10,2,3,reg:squarederror,hist,True,67232.71705941067
750,0.05,10,2,3,reg:pseudohubererror,hist,True,4689940556.248134
750,0.05,10,2,3,reg:squaredlogerror,hist,True,575992.0538345638
750,0.05,10,2,4,reg:squarederror,hist,True,66171.44556597153
750,0.05,10,2,4,reg:pseudohubererror,hist,True,4689940556.248134
750,0.05,10,2,4,reg:squaredlogerror,hist,True,575992.0538345638
750,0.05,12,0,0,reg:squarederror,hist,True,85176.13823231544
750,0.05,12,0,0,reg:pseudohubererror,hist,True,4689940556.248134
750,0.05,12,0,0,reg:squaredlogerror,hist,True,575992.0538345638
750,0.05,12,0,1,reg:squarederror,hist,True,71726.35089356858
750,0.05,12,0,1,reg:pseudohubererror,hist,True,4689940556.248134
750,0.05,12,0,1,reg:squaredlogerror,hist,True,575992.0538345638
750,0.05,12,0,2,reg:squarederror,hist,True,68522.23738153653
750,0.05,12,0,2,reg:pseudohubererror,hist,True,4689940556.248134
750,0.05,12,0,2,reg:squaredlogerror,hist,True,575992.0538345638
750,0.05,12,0,3,reg:squarederror,hist,True,68622.38750830747
750,0.05,12,0,3,reg:pseudohubererror,hist,True,4689940556.248134
750,0.05,12,0,3,reg:squaredlogerror,hist,True,575992.0538345638
750,0.05,12,0,4,reg:squarederror,hist,True,67990.24537838963
750,0.05,12,0,4,reg:pseudohubererror,hist,True,4689940556.248134
750,0.05,12,0,4,reg:squaredlogerror,hist,True,575992.0538345638
750,0.05,12,1,0,reg:squarederror,hist,True,85142.54267633075
750,0.05,12,1,0,reg:pseudohubererror,hist,True,4689940556.248134
750,0.05,12,1,0,reg:squaredlogerror,hist,True,575992.0538345638
750,0.05,12,1,1,reg:squarederror,hist,True,71525.30659090212
750,0.05,12,1,1,reg:pseudohubererror,hist,True,4689940556.248134
750,0.05,12,1,1,reg:squaredlogerror,hist,True,575992.0538345638
750,0.05,12,1,2,reg:squarederror,hist,True,68571.42816262809
750,0.05,12,1,2,reg:pseudohubererror,hist,True,4689940556.248134
750,0.05,12,1,2,reg:squaredlogerror,hist,True,575992.0538345638
750,0.05,12,1,3,reg:squarederror,hist,True,68705.62972867505
750,0.05,12,1,3,reg:pseudohubererror,hist,True,4689940556.248134
750,0.05,12,1,3,reg:squaredlogerror,hist,True,575992.0538345638
750,0.05,12,1,4,reg:squarederror,hist,True,67900.91504161773
750,0.05,12,1,4,reg:pseudohubererror,hist,True,4689940556.248134
750,0.05,12,1,4,reg:squaredlogerror,hist,True,575992.0538345638
750,0.05,12,2,0,reg:squarederror,hist,True,85114.65266103507
750,0.05,12,2,0,reg:pseudohubererror,hist,True,4689940556.248134
750,0.05,12,2,0,reg:squaredlogerror,hist,True,575992.0538345638
750,0.05,12,2,1,reg:squarederror,hist,True,71721.82364071225
750,0.05,12,2,1,reg:pseudohubererror,hist,True,4689940556.248134
750,0.05,12,2,1,reg:squaredlogerror,hist,True,575992.0538345638
750,0.05,12,2,2,reg:squarederror,hist,True,68531.36923249757
750,0.05,12,2,2,reg:pseudohubererror,hist,True,4689940556.248134
750,0.05,12,2,2,reg:squaredlogerror,hist,True,575992.0538345638
750,0.05,12,2,3,reg:squarederror,hist,True,68558.14245655907
750,0.05,12,2,3,reg:pseudohubererror,hist,True,4689940556.248134
750,0.05,12,2,3,reg:squaredlogerror,hist,True,575992.0538345638
750,0.05,12,2,4,reg:squarederror,hist,True,67717.01054179983
750,0.05,12,2,4,reg:pseudohubererror,hist,True,4689940556.248134
750,0.05,12,2,4,reg:squaredlogerror,hist,True,575992.0538345638
750,0.07,6,0,0,reg:squarederror,hist,True,65087.002307898314
750,0.07,6,0,0,reg:pseudohubererror,hist,True,4689940556.248134
750,0.07,6,0,0,reg:squaredlogerror,hist,True,575992.0538345638
750,0.07,6,0,1,reg:squarederror,hist,True,63564.08408642103
750,0.07,6,0,1,reg:pseudohubererror,hist,True,4689940556.248134
750,0.07,6,0,1,reg:squaredlogerror,hist,True,575992.0538345638
750,0.07,6,0,2,reg:squarederror,hist,True,62176.66465703558
750,0.07,6,0,2,reg:pseudohubererror,hist,True,4689940556.248134
750,0.07,6,0,2,reg:squaredlogerror,hist,True,575992.0538345638
750,0.07,6,0,3,reg:squarederror,hist,True,62332.379087847294
750,0.07,6,0,3,reg:pseudohubererror,hist,True,4689940556.248134
750,0.07,6,0,3,reg:squaredlogerror,hist,True,575992.0538345638
750,0.07,6,0,4,reg:squarederror,hist,True,63314.467384699965
750,0.07,6,0,4,reg:pseudohubererror,hist,True,4689940556.248134
750,0.07,6,0,4,reg:squaredlogerror,hist,True,575992.0538345638
750,0.07,6,1,0,reg:squarederror,hist,True,65120.98391995892
750,0.07,6,1,0,reg:pseudohubererror,hist,True,4689940556.248134
750,0.07,6,1,0,reg:squaredlogerror,hist,True,575992.0538345638
750,0.07,6,1,1,reg:squarederror,hist,True,63430.478304831195
750,0.07,6,1,1,reg:pseudohubererror,hist,True,4689940556.248134
750,0.07,6,1,1,reg:squaredlogerror,hist,True,575992.0538345638
750,0.07,6,1,2,reg:squarederror,hist,True,62975.54841218759
750,0.07,6,1,2,reg:pseudohubererror,hist,True,4689940556.248134
750,0.07,6,1,2,reg:squaredlogerror,hist,True,575992.0538345638
750,0.07,6,1,3,reg:squarederror,hist,True,62481.191972943925
750,0.07,6,1,3,reg:pseudohubererror,hist,True,4689940556.248134
750,0.07,6,1,3,reg:squaredlogerror,hist,True,575992.0538345638
750,0.07,6,1,4,reg:squarederror,hist,True,63265.720043486544
750,0.07,6,1,4,reg:pseudohubererror,hist,True,4689940556.248134
750,0.07,6,1,4,reg:squaredlogerror,hist,True,575992.0538345638
750,0.07,6,2,0,reg:squarederror,hist,True,64937.459950057535
750,0.07,6,2,0,reg:pseudohubererror,hist,True,4689940556.248134
750,0.07,6,2,0,reg:squaredlogerror,hist,True,575992.0538345638
750,0.07,6,2,1,reg:squarederror,hist,True,62979.82662252755
750,0.07,6,2,1,reg:pseudohubererror,hist,True,4689940556.248134
750,0.07,6,2,1,reg:squaredlogerror,hist,True,575992.0538345638
750,0.07,6,2,2,reg:squarederror,hist,True,63041.13081676748
750,0.07,6,2,2,reg:pseudohubererror,hist,True,4689940556.248134
750,0.07,6,2,2,reg:squaredlogerror,hist,True,575992.0538345638
750,0.07,6,2,3,reg:squarederror,hist,True,62147.411692707305
750,0.07,6,2,3,reg:pseudohubererror,hist,True,4689940556.248134
750,0.07,6,2,3,reg:squaredlogerror,hist,True,575992.0538345638
750,0.07,6,2,4,reg:squarederror,hist,True,63215.959292150415
750,0.07,6,2,4,reg:pseudohubererror,hist,True,4689940556.248134
750,0.07,6,2,4,reg:squaredlogerror,hist,True,575992.0538345638
750,0.07,8,0,0,reg:squarederror,hist,True,68265.69036978045
750,0.07,8,0,0,reg:pseudohubererror,hist,True,4689940556.248134
750,0.07,8,0,0,reg:squaredlogerror,hist,True,575992.0538345638
750,0.07,8,0,1,reg:squarederror,hist,True,64742.27810636932
750,0.07,8,0,1,reg:pseudohubererror,hist,True,4689940556.248134
750,0.07,8,0,1,reg:squaredlogerror,hist,True,575992.0538345638
750,0.07,8,0,2,reg:squarederror,hist,True,62059.328018869695
750,0.07,8,0,2,reg:pseudohubererror,hist,True,4689940556.248134
750,0.07,8,0,2,reg:squaredlogerror,hist,True,575992.0538345638
750,0.07,8,0,3,reg:squarederror,hist,True,63078.56550982819
750,0.07,8,0,3,reg:pseudohubererror,hist,True,4689940556.248134
750,0.07,8,0,3,reg:squaredlogerror,hist,True,575992.0538345638
750,0.07,8,0,4,reg:squarederror,hist,True,63385.91739134711
750,0.07,8,0,4,reg:pseudohubererror,hist,True,4689940556.248134
750,0.07,8,0,4,reg:squaredlogerror,hist,True,575992.0538345638
750,0.07,8,1,0,reg:squarederror,hist,True,67587.02083696316
750,0.07,8,1,0,reg:pseudohubererror,hist,True,4689940556.248134
750,0.07,8,1,0,reg:squaredlogerror,hist,True,575992.0538345638
750,0.07,8,1,1,reg:squarederror,hist,True,64765.46838694725
750,0.07,8,1,1,reg:pseudohubererror,hist,True,4689940556.248134
750,0.07,8,1,1,reg:squaredlogerror,hist,True,575992.0538345638
750,0.07,8,1,2,reg:squarederror,hist,True,61947.40284435299
750,0.07,8,1,2,reg:pseudohubererror,hist,True,4689940556.248134
750,0.07,8,1,2,reg:squaredlogerror,hist,True,575992.0538345638
750,0.07,8,1,3,reg:squarederror,hist,True,63088.82459446282
750,0.07,8,1,3,reg:pseudohubererror,hist,True,4689940556.248134
750,0.07,8,1,3,reg:squaredlogerror,hist,True,575992.0538345638
750,0.07,8,1,4,reg:squarederror,hist,True,63615.30159161287
750,0.07,8,1,4,reg:pseudohubererror,hist,True,4689940556.248134
750,0.07,8,1,4,reg:squaredlogerror,hist,True,575992.0538345638
750,0.07,8,2,0,reg:squarederror,hist,True,68041.19568560354
750,0.07,8,2,0,reg:pseudohubererror,hist,True,4689940556.248134
750,0.07,8,2,0,reg:squaredlogerror,hist,True,575992.0538345638
750,0.07,8,2,1,reg:squarederror,hist,True,64841.3774876896
750,0.07,8,2,1,reg:pseudohubererror,hist,True,4689940556.248134
750,0.07,8,2,1,reg:squaredlogerror,hist,True,575992.0538345638
750,0.07,8,2,2,reg:squarederror,hist,True,62302.559157681484
750,0.07,8,2,2,reg:pseudohubererror,hist,True,4689940556.248134
750,0.07,8,2,2,reg:squaredlogerror,hist,True,575992.0538345638
750,0.07,8,2,3,reg:squarederror,hist,True,63359.555415764604
750,0.07,8,2,3,reg:pseudohubererror,hist,True,4689940556.248134
750,0.07,8,2,3,reg:squaredlogerror,hist,True,575992.0538345638
750,0.07,8,2,4,reg:squarederror,hist,True,63616.87633043757
750,0.07,8,2,4,reg:pseudohubererror,hist,True,4689940556.248134
750,0.07,8,2,4,reg:squaredlogerror,hist,True,575992.0538345638
750,0.07,10,0,0,reg:squarederror,hist,True,76057.69978085675
750,0.07,10,0,0,reg:pseudohubererror,hist,True,4689940556.248134
750,0.07,10,0,0,reg:squaredlogerror,hist,True,575992.0538345638
750,0.07,10,0,1,reg:squarederror,hist,True,67180.39017059443
750,0.07,10,0,1,reg:pseudohubererror,hist,True,4689940556.248134
750,0.07,10,0,1,reg:squaredlogerror,hist,True,575992.0538345638
750,0.07,10,0,2,reg:squarederror,hist,True,67236.39670266863
750,0.07,10,0,2,reg:pseudohubererror,hist,True,4689940556.248134
750,0.07,10,0,2,reg:squaredlogerror,hist,True,575992.0538345638
750,0.07,10,0,3,reg:squarederror,hist,True,67346.48707249423
750,0.07,10,0,3,reg:pseudohubererror,hist,True,4689940556.248134
750,0.07,10,0,3,reg:squaredlogerror,hist,True,575992.0538345638
750,0.07,10,0,4,reg:squarederror,hist,True,66188.64329451663
750,0.07,10,0,4,reg:pseudohubererror,hist,True,4689940556.248134
750,0.07,10,0,4,reg:squaredlogerror,hist,True,575992.0538345638
750,0.07,10,1,0,reg:squarederror,hist,True,76804.85140058261
750,0.07,10,1,0,reg:pseudohubererror,hist,True,4689940556.248134
750,0.07,10,1,0,reg:squaredlogerror,hist,True,575992.0538345638
750,0.07,10,1,1,reg:squarederror,hist,True,66917.42364292138
750,0.07,10,1,1,reg:pseudohubererror,hist,True,4689940556.248134
750,0.07,10,1,1,reg:squaredlogerror,hist,True,575992.0538345638
750,0.07,10,1,2,reg:squarederror,hist,True,67374.91674608107
750,0.07,10,1,2,reg:pseudohubererror,hist,True,4689940556.248134
750,0.07,10,1,2,reg:squaredlogerror,hist,True,575992.0538345638
750,0.07,10,1,3,reg:squarederror,hist,True,67261.78548076778
750,0.07,10,1,3,reg:pseudohubererror,hist,True,4689940556.248134
750,0.07,10,1,3,reg:squaredlogerror,hist,True,575992.0538345638
750,0.07,10,1,4,reg:squarederror,hist,True,66226.30007429584
750,0.07,10,1,4,reg:pseudohubererror,hist,True,4689940556.248134
750,0.07,10,1,4,reg:squaredlogerror,hist,True,575992.0538345638
750,0.07,10,2,0,reg:squarederror,hist,True,76784.82549735458
750,0.07,10,2,0,reg:pseudohubererror,hist,True,4689940556.248134
750,0.07,10,2,0,reg:squaredlogerror,hist,True,575992.0538345638
750,0.07,10,2,1,reg:squarederror,hist,True,66534.40754479603
750,0.07,10,2,1,reg:pseudohubererror,hist,True,4689940556.248134
750,0.07,10,2,1,reg:squaredlogerror,hist,True,575992.0538345638
750,0.07,10,2,2,reg:squarederror,hist,True,67386.35018903513
750,0.07,10,2,2,reg:pseudohubererror,hist,True,4689940556.248134
750,0.07,10,2,2,reg:squaredlogerror,hist,True,575992.0538345638
750,0.07,10,2,3,reg:squarederror,hist,True,67414.3218140451
750,0.07,10,2,3,reg:pseudohubererror,hist,True,4689940556.248134
750,0.07,10,2,3,reg:squaredlogerror,hist,True,575992.0538345638
750,0.07,10,2,4,reg:squarederror,hist,True,66352.1235133288
750,0.07,10,2,4,reg:pseudohubererror,hist,True,4689940556.248134
750,0.07,10,2,4,reg:squaredlogerror,hist,True,575992.0538345638
750,0.07,12,0,0,reg:squarederror,hist,True,85338.03504916574
750,0.07,12,0,0,reg:pseudohubererror,hist,True,4689940556.248134
750,0.07,12,0,0,reg:squaredlogerror,hist,True,575992.0538345638
750,0.07,12,0,1,reg:squarederror,hist,True,70306.98602322189
750,0.07,12,0,1,reg:pseudohubererror,hist,True,4689940556.248134
750,0.07,12,0,1,reg:squaredlogerror,hist,True,575992.0538345638
750,0.07,12,0,2,reg:squarederror,hist,True,70018.02324447443
750,0.07,12,0,2,reg:pseudohubererror,hist,True,4689940556.248134
750,0.07,12,0,2,reg:squaredlogerror,hist,True,575992.0538345638
750,0.07,12,0,3,reg:squarederror,hist,True,68787.63765578263
750,0.07,12,0,3,reg:pseudohubererror,hist,True,4689940556.248134
750,0.07,12,0,3,reg:squaredlogerror,hist,True,575992.0538345638
750,0.07,12,0,4,reg:squarederror,hist,True,68041.6316975167
750,0.07,12,0,4,reg:pseudohubererror,hist,True,4689940556.248134
750,0.07,12,0,4,reg:squaredlogerror,hist,True,575992.0538345638
750,0.07,12,1,0,reg:squarederror,hist,True,84960.41908322177
750,0.07,12,1,0,reg:pseudohubererror,hist,True,4689940556.248134
750,0.07,12,1,0,reg:squaredlogerror,hist,True,575992.0538345638
750,0.07,12,1,1,reg:squarederror,hist,True,70156.88826278846
750,0.07,12,1,1,reg:pseudohubererror,hist,True,4689940556.248134
750,0.07,12,1,1,reg:squaredlogerror,hist,True,575992.0538345638
750,0.07,12,1,2,reg:squarederror,hist,True,70032.64524956186
750,0.07,12,1,2,reg:pseudohubererror,hist,True,4689940556.248134
750,0.07,12,1,2,reg:squaredlogerror,hist,True,575992.0538345638
750,0.07,12,1,3,reg:squarederror,hist,True,68886.7546497474
750,0.07,12,1,3,reg:pseudohubererror,hist,True,4689940556.248134
750,0.07,12,1,3,reg:squaredlogerror,hist,True,575992.0538345638
750,0.07,12,1,4,reg:squarederror,hist,True,68019.30533723591
750,0.07,12,1,4,reg:pseudohubererror,hist,True,4689940556.248134
750,0.07,12,1,4,reg:squaredlogerror,hist,True,575992.0538345638
750,0.07,12,2,0,reg:squarederror,hist,True,84609.76320245396
750,0.07,12,2,0,reg:pseudohubererror,hist,True,4689940556.248134
750,0.07,12,2,0,reg:squaredlogerror,hist,True,575992.0538345638
750,0.07,12,2,1,reg:squarederror,hist,True,70253.1732622211
750,0.07,12,2,1,reg:pseudohubererror,hist,True,4689940556.248134
750,0.07,12,2,1,reg:squaredlogerror,hist,True,575992.0538345638
750,0.07,12,2,2,reg:squarederror,hist,True,70077.22303725597
750,0.07,12,2,2,reg:pseudohubererror,hist,True,4689940556.248134
750,0.07,12,2,2,reg:squaredlogerror,hist,True,575992.0538345638
750,0.07,12,2,3,reg:squarederror,hist,True,68724.79938039734
750,0.07,12,2,3,reg:pseudohubererror,hist,True,4689940556.248134
750,0.07,12,2,3,reg:squaredlogerror,hist,True,575992.0538345638
750,0.07,12,2,4,reg:squarederror,hist,True,68274.36897989015
750,0.07,12,2,4,reg:pseudohubererror,hist,True,4689940556.248134
750,0.07,12,2,4,reg:squaredlogerror,hist,True,575992.0538345638
750,0.09,6,0,0,reg:squarederror,hist,True,63048.02459566571
750,0.09,6,0,0,reg:pseudohubererror,hist,True,4689940556.248134
750,0.09,6,0,0,reg:squaredlogerror,hist,True,575992.0538345638
750,0.09,6,0,1,reg:squarederror,hist,True,62276.89813817678
750,0.09,6,0,1,reg:pseudohubererror,hist,True,4689940556.248134
750,0.09,6,0,1,reg:squaredlogerror,hist,True,575992.0538345638
750,0.09,6,0,2,reg:squarederror,hist,True,62535.36335757115
750,0.09,6,0,2,reg:pseudohubererror,hist,True,4689940556.248134
750,0.09,6,0,2,reg:squaredlogerror,hist,True,575992.0538345638
750,0.09,6,0,3,reg:squarederror,hist,True,63327.11640953548
750,0.09,6,0,3,reg:pseudohubererror,hist,True,4689940556.248134
750,0.09,6,0,3,reg:squaredlogerror,hist,True,575992.0538345638
750,0.09,6,0,4,reg:squarederror,hist,True,62628.5363002554
750,0.09,6,0,4,reg:pseudohubererror,hist,True,4689940556.248134
750,0.09,6,0,4,reg:squaredlogerror,hist,True,575992.0538345638
750,0.09,6,1,0,reg:squarederror,hist,True,63121.82452970626
750,0.09,6,1,0,reg:pseudohubererror,hist,True,4689940556.248134
750,0.09,6,1,0,reg:squaredlogerror,hist,True,575992.0538345638
750,0.09,6,1,1,reg:squarederror,hist,True,62601.44161235777
750,0.09,6,1,1,reg:pseudohubererror,hist,True,4689940556.248134
750,0.09,6,1,1,reg:squaredlogerror,hist,True,575992.0538345638
750,0.09,6,1,2,reg:squarederror,hist,True,63630.957607976736
750,0.09,6,1,2,reg:pseudohubererror,hist,True,4689940556.248134
750,0.09,6,1,2,reg:squaredlogerror,hist,True,575992.0538345638
750,0.09,6,1,3,reg:squarederror,hist,True,63357.40121348868
750,0.09,6,1,3,reg:pseudohubererror,hist,True,4689940556.248134
750,0.09,6,1,3,reg:squaredlogerror,hist,True,575992.0538345638
750,0.09,6,1,4,reg:squarederror,hist,True,62698.022654383494
750,0.09,6,1,4,reg:pseudohubererror,hist,True,4689940556.248134
750,0.09,6,1,4,reg:squaredlogerror,hist,True,575992.0538345638
750,0.09,6,2,0,reg:squarederror,hist,True,63624.69687100709
750,0.09,6,2,0,reg:pseudohubererror,hist,True,4689940556.248134
750,0.09,6,2,0,reg:squaredlogerror,hist,True,575992.0538345638
750,0.09,6,2,1,reg:squarederror,hist,True,62622.81504994377
750,0.09,6,2,1,reg:pseudohubererror,hist,True,4689940556.248134
750,0.09,6,2,1,reg:squaredlogerror,hist,True,575992.0538345638
750,0.09,6,2,2,reg:squarederror,hist,True,63669.632080318974
750,0.09,6,2,2,reg:pseudohubererror,hist,True,4689940556.248134
750,0.09,6,2,2,reg:squaredlogerror,hist,True,575992.0538345638
750,0.09,6,2,3,reg:squarederror,hist,True,63460.24823363275
750,0.09,6,2,3,reg:pseudohubererror,hist,True,4689940556.248134
750,0.09,6,2,3,reg:squaredlogerror,hist,True,575992.0538345638
750,0.09,6,2,4,reg:squarederror,hist,True,62698.027902906746
750,0.09,6,2,4,reg:pseudohubererror,hist,True,4689940556.248134
750,0.09,6,2,4,reg:squaredlogerror,hist,True,575992.0538345638
750,0.09,8,0,0,reg:squarederror,hist,True,68346.85265144249
750,0.09,8,0,0,reg:pseudohubererror,hist,True,4689940556.248134
750,0.09,8,0,0,reg:squaredlogerror,hist,True,575992.0538345638
750,0.09,8,0,1,reg:squarederror,hist,True,64551.92438877927
750,0.09,8,0,1,reg:pseudohubererror,hist,True,4689940556.248134
750,0.09,8,0,1,reg:squaredlogerror,hist,True,575992.0538345638
750,0.09,8,0,2,reg:squarederror,hist,True,62030.28339649204
750,0.09,8,0,2,reg:pseudohubererror,hist,True,4689940556.248134
750,0.09,8,0,2,reg:squaredlogerror,hist,True,575992.0538345638
750,0.09,8,0,3,reg:squarederror,hist,True,63927.43534663253
750,0.09,8,0,3,reg:pseudohubererror,hist,True,4689940556.248134
750,0.09,8,0,3,reg:squaredlogerror,hist,True,575992.0538345638
750,0.09,8,0,4,reg:squarederror,hist,True,64537.66270078039
750,0.09,8,0,4,reg:pseudohubererror,hist,True,4689940556.248134
750,0.09,8,0,4,reg:squaredlogerror,hist,True,575992.0538345638
750,0.09,8,1,0,reg:squarederror,hist,True,68275.79787253121
750,0.09,8,1,0,reg:pseudohubererror,hist,True,4689940556.248134
750,0.09,8,1,0,reg:squaredlogerror,hist,True,575992.0538345638
750,0.09,8,1,1,reg:squarederror,hist,True,64373.281903970405
750,0.09,8,1,1,reg:pseudohubererror,hist,True,4689940556.248134
750,0.09,8,1,1,reg:squaredlogerror,hist,True,575992.0538345638
750,0.09,8,1,2,reg:squarederror,hist,True,62648.34398083249
750,0.09,8,1,2,reg:pseudohubererror,hist,True,4689940556.248134
750,0.09,8,1,2,reg:squaredlogerror,hist,True,575992.0538345638
750,0.09,8,1,3,reg:squarederror,hist,True,63911.95901496899
750,0.09,8,1,3,reg:pseudohubererror,hist,True,4689940556.248134
750,0.09,8,1,3,reg:squaredlogerror,hist,True,575992.0538345638
750,0.09,8,1,4,reg:squarederror,hist,True,64599.925152154356
750,0.09,8,1,4,reg:pseudohubererror,hist,True,4689940556.248134
750,0.09,8,1,4,reg:squaredlogerror,hist,True,575992.0538345638
750,0.09,8,2,0,reg:squarederror,hist,True,68372.44296764572
750,0.09,8,2,0,reg:pseudohubererror,hist,True,4689940556.248134
750,0.09,8,2,0,reg:squaredlogerror,hist,True,575992.0538345638
750,0.09,8,2,1,reg:squarederror,hist,True,64276.34490092481
750,0.09,8,2,1,reg:pseudohubererror,hist,True,4689940556.248134
750,0.09,8,2,1,reg:squaredlogerror,hist,True,575992.0538345638
750,0.09,8,2,2,reg:squarederror,hist,True,62545.12452587972
750,0.09,8,2,2,reg:pseudohubererror,hist,True,4689940556.248134
750,0.09,8,2,2,reg:squaredlogerror,hist,True,575992.0538345638
750,0.09,8,2,3,reg:squarederror,hist,True,64051.73541967468
750,0.09,8,2,3,reg:pseudohubererror,hist,True,4689940556.248134
750,0.09,8,2,3,reg:squaredlogerror,hist,True,575992.0538345638
750,0.09,8,2,4,reg:squarederror,hist,True,64517.2932764747
750,0.09,8,2,4,reg:pseudohubererror,hist,True,4689940556.248134
750,0.09,8,2,4,reg:squaredlogerror,hist,True,575992.0538345638
750,0.09,10,0,0,reg:squarederror,hist,True,76829.2893851422
750,0.09,10,0,0,reg:pseudohubererror,hist,True,4689940556.248134
750,0.09,10,0,0,reg:squaredlogerror,hist,True,575992.0538345638
750,0.09,10,0,1,reg:squarederror,hist,True,66531.17357262796
750,0.09,10,0,1,reg:pseudohubererror,hist,True,4689940556.248134
750,0.09,10,0,1,reg:squaredlogerror,hist,True,575992.0538345638
750,0.09,10,0,2,reg:squarederror,hist,True,66718.04528873846
750,0.09,10,0,2,reg:pseudohubererror,hist,True,4689940556.248134
750,0.09,10,0,2,reg:squaredlogerror,hist,True,575992.0538345638
750,0.09,10,0,3,reg:squarederror,hist,True,66234.32550891949
750,0.09,10,0,3,reg:pseudohubererror,hist,True,4689940556.248134
750,0.09,10,0,3,reg:squaredlogerror,hist,True,575992.0538345638
750,0.09,10,0,4,reg:squarederror,hist,True,65757.50376606597
750,0.09,10,0,4,reg:pseudohubererror,hist,True,4689940556.248134
750,0.09,10,0,4,reg:squaredlogerror,hist,True,575992.0538345638
750,0.09,10,1,0,reg:squarederror,hist,True,76491.93235464374
750,0.09,10,1,0,reg:pseudohubererror,hist,True,4689940556.248134
750,0.09,10,1,0,reg:squaredlogerror,hist,True,575992.0538345638
750,0.09,10,1,1,reg:squarederror,hist,True,66656.24768812349
750,0.09,10,1,1,reg:pseudohubererror,hist,True,4689940556.248134
750,0.09,10,1,1,reg:squaredlogerror,hist,True,575992.0538345638
750,0.09,10,1,2,reg:squarederror,hist,True,66831.81767276517
750,0.09,10,1,2,reg:pseudohubererror,hist,True,4689940556.248134
750,0.09,10,1,2,reg:squaredlogerror,hist,True,575992.0538345638
750,0.09,10,1,3,reg:squarederror,hist,True,66422.54001366219
750,0.09,10,1,3,reg:pseudohubererror,hist,True,4689940556.248134
750,0.09,10,1,3,reg:squaredlogerror,hist,True,575992.0538345638
750,0.09,10,1,4,reg:squarederror,hist,True,65732.92108345055
750,0.09,10,1,4,reg:pseudohubererror,hist,True,4689940556.248134
750,0.09,10,1,4,reg:squaredlogerror,hist,True,575992.0538345638
750,0.09,10,2,0,reg:squarederror,hist,True,76942.74703611045
750,0.09,10,2,0,reg:pseudohubererror,hist,True,4689940556.248134
750,0.09,10,2,0,reg:squaredlogerror,hist,True,575992.0538345638
750,0.09,10,2,1,reg:squarederror,hist,True,66445.1012929747
750,0.09,10,2,1,reg:pseudohubererror,hist,True,4689940556.248134
750,0.09,10,2,1,reg:squaredlogerror,hist,True,575992.0538345638
750,0.09,10,2,2,reg:squarederror,hist,True,66768.34554843047
750,0.09,10,2,2,reg:pseudohubererror,hist,True,4689940556.248134
750,0.09,10,2,2,reg:squaredlogerror,hist,True,575992.0538345638
750,0.09,10,2,3,reg:squarederror,hist,True,66342.07681794169
750,0.09,10,2,3,reg:pseudohubererror,hist,True,4689940556.248134
750,0.09,10,2,3,reg:squaredlogerror,hist,True,575992.0538345638
750,0.09,10,2,4,reg:squarederror,hist,True,65668.42262049083
750,0.09,10,2,4,reg:pseudohubererror,hist,True,4689940556.248134
750,0.09,10,2,4,reg:squaredlogerror,hist,True,575992.0538345638
750,0.09,12,0,0,reg:squarederror,hist,True,84940.65489239705
750,0.09,12,0,0,reg:pseudohubererror,hist,True,4689940556.248134
750,0.09,12,0,0,reg:squaredlogerror,hist,True,575992.0538345638
750,0.09,12,0,1,reg:squarederror,hist,True,70855.86700189725
750,0.09,12,0,1,reg:pseudohubererror,hist,True,4689940556.248134
750,0.09,12,0,1,reg:squaredlogerror,hist,True,575992.0538345638
750,0.09,12,0,2,reg:squarederror,hist,True,68894.06467197991
750,0.09,12,0,2,reg:pseudohubererror,hist,True,4689940556.248134
750,0.09,12,0,2,reg:squaredlogerror,hist,True,575992.0538345638
750,0.09,12,0,3,reg:squarederror,hist,True,68641.53771821658
750,0.09,12,0,3,reg:pseudohubererror,hist,True,4689940556.248134
750,0.09,12,0,3,reg:squaredlogerror,hist,True,575992.0538345638
750,0.09,12,0,4,reg:squarederror,hist,True,68529.48591761029
750,0.09,12,0,4,reg:pseudohubererror,hist,True,4689940556.248134
750,0.09,12,0,4,reg:squaredlogerror,hist,True,575992.0538345638
750,0.09,12,1,0,reg:squarederror,hist,True,85334.10992590037
750,0.09,12,1,0,reg:pseudohubererror,hist,True,4689940556.248134
750,0.09,12,1,0,reg:squaredlogerror,hist,True,575992.0538345638
750,0.09,12,1,1,reg:squarederror,hist,True,71019.59917256222
750,0.09,12,1,1,reg:pseudohubererror,hist,True,4689940556.248134
750,0.09,12,1,1,reg:squaredlogerror,hist,True,575992.0538345638
750,0.09,12,1,2,reg:squarederror,hist,True,68851.37047145628
750,0.09,12,1,2,reg:pseudohubererror,hist,True,4689940556.248134
750,0.09,12,1,2,reg:squaredlogerror,hist,True,575992.0538345638
750,0.09,12,1,3,reg:squarederror,hist,True,68537.6556384989
750,0.09,12,1,3,reg:pseudohubererror,hist,True,4689940556.248134
750,0.09,12,1,3,reg:squaredlogerror,hist,True,575992.0538345638
750,0.09,12,1,4,reg:squarederror,hist,True,68604.7805762055
750,0.09,12,1,4,reg:pseudohubererror,hist,True,4689940556.248134
750,0.09,12,1,4,reg:squaredlogerror,hist,True,575992.0538345638
750,0.09,12,2,0,reg:squarederror,hist,True,85656.52724960141
750,0.09,12,2,0,reg:pseudohubererror,hist,True,4689940556.248134
750,0.09,12,2,0,reg:squaredlogerror,hist,True,575992.0538345638
750,0.09,12,2,1,reg:squarederror,hist,True,70866.60746249657
750,0.09,12,2,1,reg:pseudohubererror,hist,True,4689940556.248134
750,0.09,12,2,1,reg:squaredlogerror,hist,True,575992.0538345638
750,0.09,12,2,2,reg:squarederror,hist,True,70030.69461059189
750,0.09,12,2,2,reg:pseudohubererror,hist,True,4689940556.248134
750,0.09,12,2,2,reg:squaredlogerror,hist,True,575992.0538345638
750,0.09,12,2,3,reg:squarederror,hist,True,68515.88325243261
750,0.09,12,2,3,reg:pseudohubererror,hist,True,4689940556.248134
750,0.09,12,2,3,reg:squaredlogerror,hist,True,575992.0538345638
750,0.09,12,2,4,reg:squarederror,hist,True,68612.15360768647
750,0.09,12,2,4,reg:pseudohubererror,hist,True,4689940556.248134
750,0.09,12,2,4,reg:squaredlogerror,hist,True,575992.0538345638
1000,0.01,6,0,0,reg:squarederror,hist,True,67323.25555525195
1000,0.01,6,0,0,reg:pseudohubererror,hist,True,4689940556.248134
1000,0.01,6,0,0,reg:squaredlogerror,hist,True,575992.0538345638
1000,0.01,6,0,1,reg:squarederror,hist,True,66432.67196209938
1000,0.01,6,0,1,reg:pseudohubererror,hist,True,4689940556.248134
1000,0.01,6,0,1,reg:squaredlogerror,hist,True,575992.0538345638
1000,0.01,6,0,2,reg:squarederror,hist,True,65783.99213266827
1000,0.01,6,0,2,reg:pseudohubererror,hist,True,4689940556.248134
1000,0.01,6,0,2,reg:squaredlogerror,hist,True,575992.0538345638
1000,0.01,6,0,3,reg:squarederror,hist,True,66727.19097706693
1000,0.01,6,0,3,reg:pseudohubererror,hist,True,4689940556.248134
1000,0.01,6,0,3,reg:squaredlogerror,hist,True,575992.0538345638
1000,0.01,6,0,4,reg:squarederror,hist,True,67410.94318651609
1000,0.01,6,0,4,reg:pseudohubererror,hist,True,4689940556.248134
1000,0.01,6,0,4,reg:squaredlogerror,hist,True,575992.0538345638
1000,0.01,6,1,0,reg:squarederror,hist,True,67534.08562912642
1000,0.01,6,1,0,reg:pseudohubererror,hist,True,4689940556.248134
1000,0.01,6,1,0,reg:squaredlogerror,hist,True,575992.0538345638
1000,0.01,6,1,1,reg:squarederror,hist,True,66453.32523844438
1000,0.01,6,1,1,reg:pseudohubererror,hist,True,4689940556.248134
1000,0.01,6,1,1,reg:squaredlogerror,hist,True,575992.0538345638
1000,0.01,6,1,2,reg:squarederror,hist,True,65783.99191040584
1000,0.01,6,1,2,reg:pseudohubererror,hist,True,4689940556.248134
1000,0.01,6,1,2,reg:squaredlogerror,hist,True,575992.0538345638
1000,0.01,6,1,3,reg:squarederror,hist,True,66810.46139374787
1000,0.01,6,1,3,reg:pseudohubererror,hist,True,4689940556.248134
1000,0.01,6,1,3,reg:squaredlogerror,hist,True,575992.0538345638
1000,0.01,6,1,4,reg:squarederror,hist,True,67366.01611508364
1000,0.01,6,1,4,reg:pseudohubererror,hist,True,4689940556.248134
1000,0.01,6,1,4,reg:squaredlogerror,hist,True,575992.0538345638
1000,0.01,6,2,0,reg:squarederror,hist,True,67404.20794954081
1000,0.01,6,2,0,reg:pseudohubererror,hist,True,4689940556.248134
1000,0.01,6,2,0,reg:squaredlogerror,hist,True,575992.0538345638
1000,0.01,6,2,1,reg:squarederror,hist,True,66237.42046608635
1000,0.01,6,2,1,reg:pseudohubererror,hist,True,4689940556.248134
1000,0.01,6,2,1,reg:squaredlogerror,hist,True,575992.0538345638
1000,0.01,6,2,2,reg:squarederror,hist,True,65780.5081061637
1000,0.01,6,2,2,reg:pseudohubererror,hist,True,4689940556.248134
1000,0.01,6,2,2,reg:squaredlogerror,hist,True,575992.0538345638
1000,0.01,6,2,3,reg:squarederror,hist,True,66769.54546342202
1000,0.01,6,2,3,reg:pseudohubererror,hist,True,4689940556.248134
1000,0.01,6,2,3,reg:squaredlogerror,hist,True,575992.0538345638
1000,0.01,6,2,4,reg:squarederror,hist,True,67366.01243827419
1000,0.01,6,2,4,reg:pseudohubererror,hist,True,4689940556.248134
1000,0.01,6,2,4,reg:squaredlogerror,hist,True,575992.0538345638
1000,0.01,8,0,0,reg:squarederror,hist,True,68672.4708564509
1000,0.01,8,0,0,reg:pseudohubererror,hist,True,4689940556.248134
1000,0.01,8,0,0,reg:squaredlogerror,hist,True,575992.0538345638
1000,0.01,8,0,1,reg:squarederror,hist,True,65275.22270492482
1000,0.01,8,0,1,reg:pseudohubererror,hist,True,4689940556.248134
1000,0.01,8,0,1,reg:squaredlogerror,hist,True,575992.0538345638
1000,0.01,8,0,2,reg:squarederror,hist,True,62816.804890801046
1000,0.01,8,0,2,reg:pseudohubererror,hist,True,4689940556.248134
1000,0.01,8,0,2,reg:squaredlogerror,hist,True,575992.0538345638
1000,0.01,8,0,3,reg:squarederror,hist,True,65625.22374487178
1000,0.01,8,0,3,reg:pseudohubererror,hist,True,4689940556.248134
1000,0.01,8,0,3,reg:squaredlogerror,hist,True,575992.0538345638
1000,0.01,8,0,4,reg:squarederror,hist,True,65501.66677288344
1000,0.01,8,0,4,reg:pseudohubererror,hist,True,4689940556.248134
1000,0.01,8,0,4,reg:squaredlogerror,hist,True,575992.0538345638
1000,0.01,8,1,0,reg:squarederror,hist,True,68418.3470059392
1000,0.01,8,1,0,reg:pseudohubererror,hist,True,4689940556.248134
1000,0.01,8,1,0,reg:squaredlogerror,hist,True,575992.0538345638
1000,0.01,8,1,1,reg:squarederror,hist,True,65548.87292095374
1000,0.01,8,1,1,reg:pseudohubererror,hist,True,4689940556.248134
1000,0.01,8,1,1,reg:squaredlogerror,hist,True,575992.0538345638
1000,0.01,8,1,2,reg:squarederror,hist,True,63304.76820244683
1000,0.01,8,1,2,reg:pseudohubererror,hist,True,4689940556.248134
1000,0.01,8,1,2,reg:squaredlogerror,hist,True,575992.0538345638
1000,0.01,8,1,3,reg:squarederror,hist,True,64719.51785247884
1000,0.01,8,1,3,reg:pseudohubererror,hist,True,4689940556.248134
1000,0.01,8,1,3,reg:squaredlogerror,hist,True,575992.0538345638
1000,0.01,8,1,4,reg:squarederror,hist,True,65776.86922484232
1000,0.01,8,1,4,reg:pseudohubererror,hist,True,4689940556.248134
1000,0.01,8,1,4,reg:squaredlogerror,hist,True,575992.0538345638
1000,0.01,8,2,0,reg:squarederror,hist,True,69079.76109670971
1000,0.01,8,2,0,reg:pseudohubererror,hist,True,4689940556.248134
1000,0.01,8,2,0,reg:squaredlogerror,hist,True,575992.0538345638
1000,0.01,8,2,1,reg:squarederror,hist,True,64637.6759509328
1000,0.01,8,2,1,reg:pseudohubererror,hist,True,4689940556.248134
1000,0.01,8,2,1,reg:squaredlogerror,hist,True,575992.0538345638
1000,0.01,8,2,2,reg:squarederror,hist,True,63052.13451092657
1000,0.01,8,2,2,reg:pseudohubererror,hist,True,4689940556.248134
1000,0.01,8,2,2,reg:squaredlogerror,hist,True,575992.0538345638
1000,0.01,8,2,3,reg:squarederror,hist,True,64737.58979048758
1000,0.01,8,2,3,reg:pseudohubererror,hist,True,4689940556.248134
1000,0.01,8,2,3,reg:squaredlogerror,hist,True,575992.0538345638
1000,0.01,8,2,4,reg:squarederror,hist,True,65767.00677476048
1000,0.01,8,2,4,reg:pseudohubererror,hist,True,4689940556.248134
1000,0.01,8,2,4,reg:squaredlogerror,hist,True,575992.0538345638
1000,0.01,10,0,0,reg:squarederror,hist,True,76859.52543509135
1000,0.01,10,0,0,reg:pseudohubererror,hist,True,4689940556.248134
1000,0.01,10,0,0,reg:squaredlogerror,hist,True,575992.0538345638
1000,0.01,10,0,1,reg:squarederror,hist,True,68606.79555902921
1000,0.01,10,0,1,reg:pseudohubererror,hist,True,4689940556.248134
1000,0.01,10,0,1,reg:squaredlogerror,hist,True,575992.0538345638
1000,0.01,10,0,2,reg:squarederror,hist,True,67638.29862858861
1000,0.01,10,0,2,reg:pseudohubererror,hist,True,4689940556.248134
1000,0.01,10,0,2,reg:squaredlogerror,hist,True,575992.0538345638
1000,0.01,10,0,3,reg:squarederror,hist,True,67750.47814093444
1000,0.01,10,0,3,reg:pseudohubererror,hist,True,4689940556.248134
1000,0.01,10,0,3,reg:squaredlogerror,hist,True,575992.0538345638
1000,0.01,10,0,4,reg:squarederror,hist,True,68561.61945624117
1000,0.01,10,0,4,reg:pseudohubererror,hist,True,4689940556.248134
1000,0.01,10,0,4,reg:squaredlogerror,hist,True,575992.0538345638
1000,0.01,10,1,0,reg:squarederror,hist,True,76868.54104478884
1000,0.01,10,1,0,reg:pseudohubererror,hist,True,4689940556.248134
1000,0.01,10,1,0,reg:squaredlogerror,hist,True,575992.0538345638
1000,0.01,10,1,1,reg:squarederror,hist,True,69222.84104137713
1000,0.01,10,1,1,reg:pseudohubererror,hist,True,4689940556.248134
1000,0.01,10,1,1,reg:squaredlogerror,hist,True,575992.0538345638
1000,0.01,10,1,2,reg:squarederror,hist,True,68410.20271337956
1000,0.01,10,1,2,reg:pseudohubererror,hist,True,4689940556.248134
1000,0.01,10,1,2,reg:squaredlogerror,hist,True,575992.0538345638
1000,0.01,10,1,3,reg:squarederror,hist,True,68065.97495509841
1000,0.01,10,1,3,reg:pseudohubererror,hist,True,4689940556.248134
1000,0.01,10,1,3,reg:squaredlogerror,hist,True,575992.0538345638
1000,0.01,10,1,4,reg:squarederror,hist,True,68921.47547969242
1000,0.01,10,1,4,reg:pseudohubererror,hist,True,4689940556.248134
1000,0.01,10,1,4,reg:squaredlogerror,hist,True,575992.0538345638
1000,0.01,10,2,0,reg:squarederror,hist,True,77335.86066795197
1000,0.01,10,2,0,reg:pseudohubererror,hist,True,4689940556.248134
1000,0.01,10,2,0,reg:squaredlogerror,hist,True,575992.0538345638
1000,0.01,10,2,1,reg:squarederror,hist,True,68408.86990680853
1000,0.01,10,2,1,reg:pseudohubererror,hist,True,4689940556.248134
1000,0.01,10,2,1,reg:squaredlogerror,hist,True,575992.0538345638
1000,0.01,10,2,2,reg:squarederror,hist,True,67735.5443361159
1000,0.01,10,2,2,reg:pseudohubererror,hist,True,4689940556.248134
1000,0.01,10,2,2,reg:squaredlogerror,hist,True,575992.0538345638
1000,0.01,10,2,3,reg:squarederror,hist,True,68263.59645053225
1000,0.01,10,2,3,reg:pseudohubererror,hist,True,4689940556.248134
1000,0.01,10,2,3,reg:squaredlogerror,hist,True,575992.0538345638
1000,0.01,10,2,4,reg:squarederror,hist,True,68052.98399601004
1000,0.01,10,2,4,reg:pseudohubererror,hist,True,4689940556.248134
1000,0.01,10,2,4,reg:squaredlogerror,hist,True,575992.0538345638
1000,0.01,12,0,0,reg:squarederror,hist,True,85265.40205440662
1000,0.01,12,0,0,reg:pseudohubererror,hist,True,4689940556.248134
1000,0.01,12,0,0,reg:squaredlogerror,hist,True,575992.0538345638
1000,0.01,12,0,1,reg:squarederror,hist,True,71893.04113341297
1000,0.01,12,0,1,reg:pseudohubererror,hist,True,4689940556.248134
1000,0.01,12,0,1,reg:squaredlogerror,hist,True,575992.0538345638
1000,0.01,12,0,2,reg:squarederror,hist,True,69262.36099614341
1000,0.01,12,0,2,reg:pseudohubererror,hist,True,4689940556.248134
1000,0.01,12,0,2,reg:squaredlogerror,hist,True,575992.0538345638
1000,0.01,12,0,3,reg:squarederror,hist,True,68922.31428160865
1000,0.01,12,0,3,reg:pseudohubererror,hist,True,4689940556.248134
1000,0.01,12,0,3,reg:squaredlogerror,hist,True,575992.0538345638
1000,0.01,12,0,4,reg:squarederror,hist,True,70235.4732689011
1000,0.01,12,0,4,reg:pseudohubererror,hist,True,4689940556.248134
1000,0.01,12,0,4,reg:squaredlogerror,hist,True,575992.0538345638
1000,0.01,12,1,0,reg:squarederror,hist,True,84782.64242086928
1000,0.01,12,1,0,reg:pseudohubererror,hist,True,4689940556.248134
1000,0.01,12,1,0,reg:squaredlogerror,hist,True,575992.0538345638
1000,0.01,12,1,1,reg:squarederror,hist,True,71938.99035732362
1000,0.01,12,1,1,reg:pseudohubererror,hist,True,4689940556.248134
1000,0.01,12,1,1,reg:squaredlogerror,hist,True,575992.0538345638
1000,0.01,12,1,2,reg:squarederror,hist,True,68883.55876448602
1000,0.01,12,1,2,reg:pseudohubererror,hist,True,4689940556.248134
1000,0.01,12,1,2,reg:squaredlogerror,hist,True,575992.0538345638
1000,0.01,12,1,3,reg:squarederror,hist,True,69338.87916565716
1000,0.01,12,1,3,reg:pseudohubererror,hist,True,4689940556.248134
1000,0.01,12,1,3,reg:squaredlogerror,hist,True,575992.0538345638
1000,0.01,12,1,4,reg:squarederror,hist,True,69411.31913956259
1000,0.01,12,1,4,reg:pseudohubererror,hist,True,4689940556.248134
1000,0.01,12,1,4,reg:squaredlogerror,hist,True,575992.0538345638
1000,0.01,12,2,0,reg:squarederror,hist,True,84723.75728420622
1000,0.01,12,2,0,reg:pseudohubererror,hist,True,4689940556.248134
1000,0.01,12,2,0,reg:squaredlogerror,hist,True,575992.0538345638
1000,0.01,12,2,1,reg:squarederror,hist,True,72104.10288690549
1000,0.01,12,2,1,reg:pseudohubererror,hist,True,4689940556.248134
1000,0.01,12,2,1,reg:squaredlogerror,hist,True,575992.0538345638
1000,0.01,12,2,2,reg:squarederror,hist,True,69127.2704825571
1000,0.01,12,2,2,reg:pseudohubererror,hist,True,4689940556.248134
1000,0.01,12,2,2,reg:squaredlogerror,hist,True,575992.0538345638
1000,0.01,12,2,3,reg:squarederror,hist,True,69535.15980090416
1000,0.01,12,2,3,reg:pseudohubererror,hist,True,4689940556.248134
1000,0.01,12,2,3,reg:squaredlogerror,hist,True,575992.0538345638
1000,0.01,12,2,4,reg:squarederror,hist,True,69666.7081539737
1000,0.01,12,2,4,reg:pseudohubererror,hist,True,4689940556.248134
1000,0.01,12,2,4,reg:squaredlogerror,hist,True,575992.0538345638
1000,0.03,6,0,0,reg:squarederror,hist,True,64462.44540154345
1000,0.03,6,0,0,reg:pseudohubererror,hist,True,4689940556.248134
1000,0.03,6,0,0,reg:squaredlogerror,hist,True,575992.0538345638
1000,0.03,6,0,1,reg:squarederror,hist,True,62838.98694496883
1000,0.03,6,0,1,reg:pseudohubererror,hist,True,4689940556.248134
1000,0.03,6,0,1,reg:squaredlogerror,hist,True,575992.0538345638
1000,0.03,6,0,2,reg:squarederror,hist,True,62909.45495910633
1000,0.03,6,0,2,reg:pseudohubererror,hist,True,4689940556.248134
1000,0.03,6,0,2,reg:squaredlogerror,hist,True,575992.0538345638
1000,0.03,6,0,3,reg:squarederror,hist,True,63615.94703517262
1000,0.03,6,0,3,reg:pseudohubererror,hist,True,4689940556.248134
1000,0.03,6,0,3,reg:squaredlogerror,hist,True,575992.0538345638
1000,0.03,6,0,4,reg:squarederror,hist,True,63085.515617470126
1000,0.03,6,0,4,reg:pseudohubererror,hist,True,4689940556.248134
1000,0.03,6,0,4,reg:squaredlogerror,hist,True,575992.0538345638
1000,0.03,6,1,0,reg:squarederror,hist,True,64414.64648389991
1000,0.03,6,1,0,reg:pseudohubererror,hist,True,4689940556.248134
1000,0.03,6,1,0,reg:squaredlogerror,hist,True,575992.0538345638
1000,0.03,6,1,1,reg:squarederror,hist,True,62772.79682609041
1000,0.03,6,1,1,reg:pseudohubererror,hist,True,4689940556.248134
1000,0.03,6,1,1,reg:squaredlogerror,hist,True,575992.0538345638
1000,0.03,6,1,2,reg:squarederror,hist,True,63034.91673257373
1000,0.03,6,1,2,reg:pseudohubererror,hist,True,4689940556.248134
1000,0.03,6,1,2,reg:squaredlogerror,hist,True,575992.0538345638
1000,0.03,6,1,3,reg:squarederror,hist,True,63561.62522060807
1000,0.03,6,1,3,reg:pseudohubererror,hist,True,4689940556.248134
1000,0.03,6,1,3,reg:squaredlogerror,hist,True,575992.0538345638
1000,0.03,6,1,4,reg:squarederror,hist,True,63140.218403773746
1000,0.03,6,1,4,reg:pseudohubererror,hist,True,4689940556.248134
1000,0.03,6,1,4,reg:squaredlogerror,hist,True,575992.0538345638
1000,0.03,6,2,0,reg:squarederror,hist,True,64450.7094976891
1000,0.03,6,2,0,reg:pseudohubererror,hist,True,4689940556.248134
1000,0.03,6,2,0,reg:squaredlogerror,hist,True,575992.0538345638
1000,0.03,6,2,1,reg:squarederror,hist,True,62797.659924743086
1000,0.03,6,2,1,reg:pseudohubererror,hist,True,4689940556.248134
1000,0.03,6,2,1,reg:squaredlogerror,hist,True,575992.0538345638
1000,0.03,6,2,2,reg:squarederror,hist,True,62872.597257984984
1000,0.03,6,2,2,reg:pseudohubererror,hist,True,4689940556.248134
1000,0.03,6,2,2,reg:squaredlogerror,hist,True,575992.0538345638
1000,0.03,6,2,3,reg:squarederror,hist,True,63269.80984670576
1000,0.03,6,2,3,reg:pseudohubererror,hist,True,4689940556.248134
1000,0.03,6,2,3,reg:squaredlogerror,hist,True,575992.0538345638
1000,0.03,6,2,4,reg:squarederror,hist,True,62835.50785969488
1000,0.03,6,2,4,reg:pseudohubererror,hist,True,4689940556.248134
1000,0.03,6,2,4,reg:squaredlogerror,hist,True,575992.0538345638
1000,0.03,8,0,0,reg:squarederror,hist,True,67546.41261664509
1000,0.03,8,0,0,reg:pseudohubererror,hist,True,4689940556.248134
1000,0.03,8,0,0,reg:squaredlogerror,hist,True,575992.0538345638
1000,0.03,8,0,1,reg:squarederror,hist,True,64018.728097740764
1000,0.03,8,0,1,reg:pseudohubererror,hist,True,4689940556.248134
1000,0.03,8,0,1,reg:squaredlogerror,hist,True,575992.0538345638
1000,0.03,8,0,2,reg:squarederror,hist,True,60865.92330036824
1000,0.03,8,0,2,reg:pseudohubererror,hist,True,4689940556.248134
1000,0.03,8,0,2,reg:squaredlogerror,hist,True,575992.0538345638
1000,0.03,8,0,3,reg:squarederror,hist,True,62259.61710414648
1000,0.03,8,0,3,reg:pseudohubererror,hist,True,4689940556.248134
1000,0.03,8,0,3,reg:squaredlogerror,hist,True,575992.0538345638
1000,0.03,8,0,4,reg:squarederror,hist,True,62331.9351974098
1000,0.03,8,0,4,reg:pseudohubererror,hist,True,4689940556.248134
1000,0.03,8,0,4,reg:squaredlogerror,hist,True,575992.0538345638
1000,0.03,8,1,0,reg:squarederror,hist,True,66780.18316684365
1000,0.03,8,1,0,reg:pseudohubererror,hist,True,4689940556.248134
1000,0.03,8,1,0,reg:squaredlogerror,hist,True,575992.0538345638
1000,0.03,8,1,1,reg:squarederror,hist,True,64289.97023300982
1000,0.03,8,1,1,reg:pseudohubererror,hist,True,4689940556.248134
1000,0.03,8,1,1,reg:squaredlogerror,hist,True,575992.0538345638
1000,0.03,8,1,2,reg:squarederror,hist,True,60955.92289560674
1000,0.03,8,1,2,reg:pseudohubererror,hist,True,4689940556.248134
1000,0.03,8,1,2,reg:squaredlogerror,hist,True,575992.0538345638
1000,0.03,8,1,3,reg:squarederror,hist,True,62235.02948543627
1000,0.03,8,1,3,reg:pseudohubererror,hist,True,4689940556.248134
1000,0.03,8,1,3,reg:squaredlogerror,hist,True,575992.0538345638
1000,0.03,8,1,4,reg:squarederror,hist,True,62450.497196378965
1000,0.03,8,1,4,reg:pseudohubererror,hist,True,4689940556.248134
1000,0.03,8,1,4,reg:squaredlogerror,hist,True,575992.0538345638
1000,0.03,8,2,0,reg:squarederror,hist,True,67550.67227868277
1000,0.03,8,2,0,reg:pseudohubererror,hist,True,4689940556.248134
1000,0.03,8,2,0,reg:squaredlogerror,hist,True,575992.0538345638
1000,0.03,8,2,1,reg:squarederror,hist,True,63641.721096028574
1000,0.03,8,2,1,reg:pseudohubererror,hist,True,4689940556.248134
1000,0.03,8,2,1,reg:squaredlogerror,hist,True,575992.0538345638
1000,0.03,8,2,2,reg:squarederror,hist,True,60874.73887429068
1000,0.03,8,2,2,reg:pseudohubererror,hist,True,4689940556.248134
1000,0.03,8,2,2,reg:squaredlogerror,hist,True,575992.0538345638
1000,0.03,8,2,3,reg:squarederror,hist,True,62433.70815836991
1000,0.03,8,2,3,reg:pseudohubererror,hist,True,4689940556.248134
1000,0.03,8,2,3,reg:squaredlogerror,hist,True,575992.0538345638
1000,0.03,8,2,4,reg:squarederror,hist,True,62810.363554987845
1000,0.03,8,2,4,reg:pseudohubererror,hist,True,4689940556.248134
1000,0.03,8,2,4,reg:squaredlogerror,hist,True,575992.0538345638
1000,0.03,10,0,0,reg:squarederror,hist,True,76532.8279431343
1000,0.03,10,0,0,reg:pseudohubererror,hist,True,4689940556.248134
1000,0.03,10,0,0,reg:squaredlogerror,hist,True,575992.0538345638
1000,0.03,10,0,1,reg:squarederror,hist,True,68829.79542469453
1000,0.03,10,0,1,reg:pseudohubererror,hist,True,4689940556.248134
1000,0.03,10,0,1,reg:squaredlogerror,hist,True,575992.0538345638
1000,0.03,10,0,2,reg:squarederror,hist,True,65602.99743488897
1000,0.03,10,0,2,reg:pseudohubererror,hist,True,4689940556.248134
1000,0.03,10,0,2,reg:squaredlogerror,hist,True,575992.0538345638
1000,0.03,10,0,3,reg:squarederror,hist,True,66466.84779131165
1000,0.03,10,0,3,reg:pseudohubererror,hist,True,4689940556.248134
1000,0.03,10,0,3,reg:squaredlogerror,hist,True,575992.0538345638
1000,0.03,10,0,4,reg:squarederror,hist,True,67796.5928139992
1000,0.03,10,0,4,reg:pseudohubererror,hist,True,4689940556.248134
1000,0.03,10,0,4,reg:squaredlogerror,hist,True,575992.0538345638
1000,0.03,10,1,0,reg:squarederror,hist,True,76408.21762853926
1000,0.03,10,1,0,reg:pseudohubererror,hist,True,4689940556.248134
1000,0.03,10,1,0,reg:squaredlogerror,hist,True,575992.0538345638
1000,0.03,10,1,1,reg:squarederror,hist,True,68626.85690267177
1000,0.03,10,1,1,reg:pseudohubererror,hist,True,4689940556.248134
1000,0.03,10,1,1,reg:squaredlogerror,hist,True,575992.0538345638
1000,0.03,10,1,2,reg:squarederror,hist,True,65964.79354333691
1000,0.03,10,1,2,reg:pseudohubererror,hist,True,4689940556.248134
1000,0.03,10,1,2,reg:squaredlogerror,hist,True,575992.0538345638
1000,0.03,10,1,3,reg:squarederror,hist,True,66376.74539341449
1000,0.03,10,1,3,reg:pseudohubererror,hist,True,4689940556.248134
1000,0.03,10,1,3,reg:squaredlogerror,hist,True,575992.0538345638
1000,0.03,10,1,4,reg:squarederror,hist,True,67676.00013658713
1000,0.03,10,1,4,reg:pseudohubererror,hist,True,4689940556.248134
1000,0.03,10,1,4,reg:squaredlogerror,hist,True,575992.0538345638
1000,0.03,10,2,0,reg:squarederror,hist,True,76589.89050091562
1000,0.03,10,2,0,reg:pseudohubererror,hist,True,4689940556.248134
1000,0.03,10,2,0,reg:squaredlogerror,hist,True,575992.0538345638
1000,0.03,10,2,1,reg:squarederror,hist,True,69063.71802431547
1000,0.03,10,2,1,reg:pseudohubererror,hist,True,4689940556.248134
1000,0.03,10,2,1,reg:squaredlogerror,hist,True,575992.0538345638
1000,0.03,10,2,2,reg:squarederror,hist,True,65695.36263839342
1000,0.03,10,2,2,reg:pseudohubererror,hist,True,4689940556.248134
1000,0.03,10,2,2,reg:squaredlogerror,hist,True,575992.0538345638
1000,0.03,10,2,3,reg:squarederror,hist,True,66308.8578108005
1000,0.03,10,2,3,reg:pseudohubererror,hist,True,4689940556.248134
1000,0.03,10,2,3,reg:squaredlogerror,hist,True,575992.0538345638
1000,0.03,10,2,4,reg:squarederror,hist,True,67784.85552244408
1000,0.03,10,2,4,reg:pseudohubererror,hist,True,4689940556.248134
1000,0.03,10,2,4,reg:squaredlogerror,hist,True,575992.0538345638
1000,0.03,12,0,0,reg:squarederror,hist,True,85097.26724535433
1000,0.03,12,0,0,reg:pseudohubererror,hist,True,4689940556.248134
1000,0.03,12,0,0,reg:squaredlogerror,hist,True,575992.0538345638
1000,0.03,12,0,1,reg:squarederror,hist,True,71397.418451905
1000,0.03,12,0,1,reg:pseudohubererror,hist,True,4689940556.248134
1000,0.03,12,0,1,reg:squaredlogerror,hist,True,575992.0538345638
1000,0.03,12,0,2,reg:squarederror,hist,True,70029.24621468963
1000,0.03,12,0,2,reg:pseudohubererror,hist,True,4689940556.248134
1000,0.03,12,0,2,reg:squaredlogerror,hist,True,575992.0538345638
1000,0.03,12,0,3,reg:squarederror,hist,True,69319.45000581877
1000,0.03,12,0,3,reg:pseudohubererror,hist,True,4689940556.248134
1000,0.03,12,0,3,reg:squaredlogerror,hist,True,575992.0538345638
1000,0.03,12,0,4,reg:squarederror,hist,True,68944.08230256771
1000,0.03,12,0,4,reg:pseudohubererror,hist,True,4689940556.248134
1000,0.03,12,0,4,reg:squaredlogerror,hist,True,575992.0538345638
1000,0.03,12,1,0,reg:squarederror,hist,True,85178.06709474184
1000,0.03,12,1,0,reg:pseudohubererror,hist,True,4689940556.248134
1000,0.03,12,1,0,reg:squaredlogerror,hist,True,575992.0538345638
1000,0.03,12,1,1,reg:squarederror,hist,True,71191.82261136491
1000,0.03,12,1,1,reg:pseudohubererror,hist,True,4689940556.248134
1000,0.03,12,1,1,reg:squaredlogerror,hist,True,575992.0538345638
1000,0.03,12,1,2,reg:squarederror,hist,True,69891.84183127042
1000,0.03,12,1,2,reg:pseudohubererror,hist,True,4689940556.248134
1000,0.03,12,1,2,reg:squaredlogerror,hist,True,575992.0538345638
1000,0.03,12,1,3,reg:squarederror,hist,True,68849.53097460038
1000,0.03,12,1,3,reg:pseudohubererror,hist,True,4689940556.248134
1000,0.03,12,1,3,reg:squaredlogerror,hist,True,575992.0538345638
1000,0.03,12,1,4,reg:squarederror,hist,True,68873.04619600993
1000,0.03,12,1,4,reg:pseudohubererror,hist,True,4689940556.248134
1000,0.03,12,1,4,reg:squaredlogerror,hist,True,575992.0538345638
1000,0.03,12,2,0,reg:squarederror,hist,True,85384.28705658142
1000,0.03,12,2,0,reg:pseudohubererror,hist,True,4689940556.248134
1000,0.03,12,2,0,reg:squaredlogerror,hist,True,575992.0538345638
1000,0.03,12,2,1,reg:squarederror,hist,True,71362.76980180558
1000,0.03,12,2,1,reg:pseudohubererror,hist,True,4689940556.248134
1000,0.03,12,2,1,reg:squaredlogerror,hist,True,575992.0538345638
1000,0.03,12,2,2,reg:squarederror,hist,True,69869.84162795497
1000,0.03,12,2,2,reg:pseudohubererror,hist,True,4689940556.248134
1000,0.03,12,2,2,reg:squaredlogerror,hist,True,575992.0538345638
1000,0.03,12,2,3,reg:squarederror,hist,True,69054.5619334085
1000,0.03,12,2,3,reg:pseudohubererror,hist,True,4689940556.248134
1000,0.03,12,2,3,reg:squaredlogerror,hist,True,575992.0538345638
1000,0.03,12,2,4,reg:squarederror,hist,True,68775.35322029852
1000,0.03,12,2,4,reg:pseudohubererror,hist,True,4689940556.248134
1000,0.03,12,2,4,reg:squaredlogerror,hist,True,575992.0538345638
1000,0.05,6,0,0,reg:squarederror,hist,True,64794.08871430002
1000,0.05,6,0,0,reg:pseudohubererror,hist,True,4689940556.248134
1000,0.05,6,0,0,reg:squaredlogerror,hist,True,575992.0538345638
1000,0.05,6,0,1,reg:squarederror,hist,True,62601.78577512341
1000,0.05,6,0,1,reg:pseudohubererror,hist,True,4689940556.248134
1000,0.05,6,0,1,reg:squaredlogerror,hist,True,575992.0538345638
1000,0.05,6,0,2,reg:squarederror,hist,True,62610.93037687364
1000,0.05,6,0,2,reg:pseudohubererror,hist,True,4689940556.248134
1000,0.05,6,0,2,reg:squaredlogerror,hist,True,575992.0538345638
1000,0.05,6,0,3,reg:squarederror,hist,True,61890.73580357226
1000,0.05,6,0,3,reg:pseudohubererror,hist,True,4689940556.248134
1000,0.05,6,0,3,reg:squaredlogerror,hist,True,575992.0538345638
1000,0.05,6,0,4,reg:squarederror,hist,True,61815.90910036374
1000,0.05,6,0,4,reg:pseudohubererror,hist,True,4689940556.248134
1000,0.05,6,0,4,reg:squaredlogerror,hist,True,575992.0538345638
1000,0.05,6,1,0,reg:squarederror,hist,True,64596.984386844895
1000,0.05,6,1,0,reg:pseudohubererror,hist,True,4689940556.248134
1000,0.05,6,1,0,reg:squaredlogerror,hist,True,575992.0538345638
1000,0.05,6,1,1,reg:squarederror,hist,True,62438.75889534416
1000,0.05,6,1,1,reg:pseudohubererror,hist,True,4689940556.248134
1000,0.05,6,1,1,reg:squaredlogerror,hist,True,575992.0538345638
1000,0.05,6,1,2,reg:squarederror,hist,True,62305.81603528082
1000,0.05,6,1,2,reg:pseudohubererror,hist,True,4689940556.248134
1000,0.05,6,1,2,reg:squaredlogerror,hist,True,575992.0538345638
1000,0.05,6,1,3,reg:squarederror,hist,True,61826.978618402456
1000,0.05,6,1,3,reg:pseudohubererror,hist,True,4689940556.248134
1000,0.05,6,1,3,reg:squaredlogerror,hist,True,575992.0538345638
1000,0.05,6,1,4,reg:squarederror,hist,True,61882.55737763061
1000,0.05,6,1,4,reg:pseudohubererror,hist,True,4689940556.248134
1000,0.05,6,1,4,reg:squaredlogerror,hist,True,575992.0538345638
1000,0.05,6,2,0,reg:squarederror,hist,True,64539.07344072242
1000,0.05,6,2,0,reg:pseudohubererror,hist,True,4689940556.248134
1000,0.05,6,2,0,reg:squaredlogerror,hist,True,575992.0538345638
1000,0.05,6,2,1,reg:squarederror,hist,True,62431.73507905946
1000,0.05,6,2,1,reg:pseudohubererror,hist,True,4689940556.248134
1000,0.05,6,2,1,reg:squaredlogerror,hist,True,575992.0538345638
1000,0.05,6,2,2,reg:squarederror,hist,True,62592.03701154356
1000,0.05,6,2,2,reg:pseudohubererror,hist,True,4689940556.248134
1000,0.05,6,2,2,reg:squaredlogerror,hist,True,575992.0538345638
1000,0.05,6,2,3,reg:squarederror,hist,True,61897.03419488011
1000,0.05,6,2,3,reg:pseudohubererror,hist,True,4689940556.248134
1000,0.05,6,2,3,reg:squaredlogerror,hist,True,575992.0538345638
1000,0.05,6,2,4,reg:squarederror,hist,True,61843.12304084352
1000,0.05,6,2,4,reg:pseudohubererror,hist,True,4689940556.248134
1000,0.05,6,2,4,reg:squaredlogerror,hist,True,575992.0538345638
1000,0.05,8,0,0,reg:squarederror,hist,True,67717.45795476229
1000,0.05,8,0,0,reg:pseudohubererror,hist,True,4689940556.248134
1000,0.05,8,0,0,reg:squaredlogerror,hist,True,575992.0538345638
1000,0.05,8,0,1,reg:squarederror,hist,True,65294.944492718816
1000,0.05,8,0,1,reg:pseudohubererror,hist,True,4689940556.248134
1000,0.05,8,0,1,reg:squaredlogerror,hist,True,575992.0538345638
1000,0.05,8,0,2,reg:squarederror,hist,True,61817.50892335607
1000,0.05,8,0,2,reg:pseudohubererror,hist,True,4689940556.248134
1000,0.05,8,0,2,reg:squaredlogerror,hist,True,575992.0538345638
1000,0.05,8,0,3,reg:squarederror,hist,True,63207.84060879622
1000,0.05,8,0,3,reg:pseudohubererror,hist,True,4689940556.248134
1000,0.05,8,0,3,reg:squaredlogerror,hist,True,575992.0538345638
1000,0.05,8,0,4,reg:squarederror,hist,True,63012.001903627286
1000,0.05,8,0,4,reg:pseudohubererror,hist,True,4689940556.248134
1000,0.05,8,0,4,reg:squaredlogerror,hist,True,575992.0538345638
1000,0.05,8,1,0,reg:squarederror,hist,True,67594.05634878195
1000,0.05,8,1,0,reg:pseudohubererror,hist,True,4689940556.248134
1000,0.05,8,1,0,reg:squaredlogerror,hist,True,575992.0538345638
1000,0.05,8,1,1,reg:squarederror,hist,True,65007.5988738177
1000,0.05,8,1,1,reg:pseudohubererror,hist,True,4689940556.248134
1000,0.05,8,1,1,reg:squaredlogerror,hist,True,575992.0538345638
1000,0.05,8,1,2,reg:squarederror,hist,True,61555.691438590686
1000,0.05,8,1,2,reg:pseudohubererror,hist,True,4689940556.248134
1000,0.05,8,1,2,reg:squaredlogerror,hist,True,575992.0538345638
1000,0.05,8,1,3,reg:squarederror,hist,True,63297.72693090963
1000,0.05,8,1,3,reg:pseudohubererror,hist,True,4689940556.248134
1000,0.05,8,1,3,reg:squaredlogerror,hist,True,575992.0538345638
1000,0.05,8,1,4,reg:squarederror,hist,True,62593.19240885856
1000,0.05,8,1,4,reg:pseudohubererror,hist,True,4689940556.248134
1000,0.05,8,1,4,reg:squaredlogerror,hist,True,575992.0538345638
1000,0.05,8,2,0,reg:squarederror,hist,True,67421.71718136141
1000,0.05,8,2,0,reg:pseudohubererror,hist,True,4689940556.248134
1000,0.05,8,2,0,reg:squaredlogerror,hist,True,575992.0538345638
1000,0.05,8,2,1,reg:squarederror,hist,True,64834.83977357031
1000,0.05,8,2,1,reg:pseudohubererror,hist,True,4689940556.248134
1000,0.05,8,2,1,reg:squaredlogerror,hist,True,575992.0538345638
1000,0.05,8,2,2,reg:squarederror,hist,True,61582.56860766092
1000,0.05,8,2,2,reg:pseudohubererror,hist,True,4689940556.248134
1000,0.05,8,2,2,reg:squaredlogerror,hist,True,575992.0538345638
1000,0.05,8,2,3,reg:squarederror,hist,True,63262.60046143337
1000,0.05,8,2,3,reg:pseudohubererror,hist,True,4689940556.248134
1000,0.05,8,2,3,reg:squaredlogerror,hist,True,575992.0538345638
1000,0.05,8,2,4,reg:squarederror,hist,True,62621.41720408648
1000,0.05,8,2,4,reg:pseudohubererror,hist,True,4689940556.248134
1000,0.05,8,2,4,reg:squaredlogerror,hist,True,575992.0538345638
1000,0.05,10,0,0,reg:squarederror,hist,True,76783.06480542233
1000,0.05,10,0,0,reg:pseudohubererror,hist,True,4689940556.248134
1000,0.05,10,0,0,reg:squaredlogerror,hist,True,575992.0538345638
1000,0.05,10,0,1,reg:squarederror,hist,True,67816.20366986237
1000,0.05,10,0,1,reg:pseudohubererror,hist,True,4689940556.248134
1000,0.05,10,0,1,reg:squaredlogerror,hist,True,575992.0538345638
1000,0.05,10,0,2,reg:squarederror,hist,True,66549.94238387933
1000,0.05,10,0,2,reg:pseudohubererror,hist,True,4689940556.248134
1000,0.05,10,0,2,reg:squaredlogerror,hist,True,575992.0538345638
1000,0.05,10,0,3,reg:squarederror,hist,True,66281.74493027196
1000,0.05,10,0,3,reg:pseudohubererror,hist,True,4689940556.248134
1000,0.05,10,0,3,reg:squaredlogerror,hist,True,575992.0538345638
1000,0.05,10,0,4,reg:squarederror,hist,True,66003.1038159412
1000,0.05,10,0,4,reg:pseudohubererror,hist,True,4689940556.248134
1000,0.05,10,0,4,reg:squaredlogerror,hist,True,575992.0538345638
1000,0.05,10,1,0,reg:squarederror,hist,True,76703.29713569733
1000,0.05,10,1,0,reg:pseudohubererror,hist,True,4689940556.248134
1000,0.05,10,1,0,reg:squaredlogerror,hist,True,575992.0538345638
1000,0.05,10,1,1,reg:squarederror,hist,True,68200.60621973405
1000,0.05,10,1,1,reg:pseudohubererror,hist,True,4689940556.248134
1000,0.05,10,1,1,reg:squaredlogerror,hist,True,575992.0538345638
1000,0.05,10,1,2,reg:squarederror,hist,True,66555.08759486079
1000,0.05,10,1,2,reg:pseudohubererror,hist,True,4689940556.248134
1000,0.05,10,1,2,reg:squaredlogerror,hist,True,575992.0538345638
1000,0.05,10,1,3,reg:squarederror,hist,True,66642.34711243556
1000,0.05,10,1,3,reg:pseudohubererror,hist,True,4689940556.248134
1000,0.05,10,1,3,reg:squaredlogerror,hist,True,575992.0538345638
1000,0.05,10,1,4,reg:squarederror,hist,True,65801.37383227595
1000,0.05,10,1,4,reg:pseudohubererror,hist,True,4689940556.248134
1000,0.05,10,1,4,reg:squaredlogerror,hist,True,575992.0538345638
1000,0.05,10,2,0,reg:squarederror,hist,True,76537.3454013174
1000,0.05,10,2,0,reg:pseudohubererror,hist,True,4689940556.248134
1000,0.05,10,2,0,reg:squaredlogerror,hist,True,575992.0538345638
1000,0.05,10,2,1,reg:squarederror,hist,True,67147.59867148405
1000,0.05,10,2,1,reg:pseudohubererror,hist,True,4689940556.248134
1000,0.05,10,2,1,reg:squaredlogerror,hist,True,575992.0538345638
1000,0.05,10,2,2,reg:squarederror,hist,True,66562.50386135277
1000,0.05,10,2,2,reg:pseudohubererror,hist,True,4689940556.248134
1000,0.05,10,2,2,reg:squaredlogerror,hist,True,575992.0538345638
1000,0.05,10,2,3,reg:squarederror,hist,True,67210.66637371329
1000,0.05,10,2,3,reg:pseudohubererror,hist,True,4689940556.248134
1000,0.05,10,2,3,reg:squaredlogerror,hist,True,575992.0538345638
1000,0.05,10,2,4,reg:squarederror,hist,True,66131.06167820773
1000,0.05,10,2,4,reg:pseudohubererror,hist,True,4689940556.248134
1000,0.05,10,2,4,reg:squaredlogerror,hist,True,575992.0538345638
1000,0.05,12,0,0,reg:squarederror,hist,True,85175.58248424112
1000,0.05,12,0,0,reg:pseudohubererror,hist,True,4689940556.248134
1000,0.05,12,0,0,reg:squaredlogerror,hist,True,575992.0538345638
1000,0.05,12,0,1,reg:squarederror,hist,True,71723.72649786397
1000,0.05,12,0,1,reg:pseudohubererror,hist,True,4689940556.248134
1000,0.05,12,0,1,reg:squaredlogerror,hist,True,575992.0538345638
1000,0.05,12,0,2,reg:squarederror,hist,True,68516.61689370012
1000,0.05,12,0,2,reg:pseudohubererror,hist,True,4689940556.248134
1000,0.05,12,0,2,reg:squaredlogerror,hist,True,575992.0538345638
1000,0.05,12,0,3,reg:squarederror,hist,True,68613.06728216757
1000,0.05,12,0,3,reg:pseudohubererror,hist,True,4689940556.248134
1000,0.05,12,0,3,reg:squaredlogerror,hist,True,575992.0538345638
1000,0.05,12,0,4,reg:squarederror,hist,True,67975.83072194304
1000,0.05,12,0,4,reg:pseudohubererror,hist,True,4689940556.248134
1000,0.05,12,0,4,reg:squaredlogerror,hist,True,575992.0538345638
1000,0.05,12,1,0,reg:squarederror,hist,True,85142.10852994466
1000,0.05,12,1,0,reg:pseudohubererror,hist,True,4689940556.248134
1000,0.05,12,1,0,reg:squaredlogerror,hist,True,575992.0538345638
1000,0.05,12,1,1,reg:squarederror,hist,True,71522.52674440076
1000,0.05,12,1,1,reg:pseudohubererror,hist,True,4689940556.248134
1000,0.05,12,1,1,reg:squaredlogerror,hist,True,575992.0538345638
1000,0.05,12,1,2,reg:squarederror,hist,True,68567.59746567615
1000,0.05,12,1,2,reg:pseudohubererror,hist,True,4689940556.248134
1000,0.05,12,1,2,reg:squaredlogerror,hist,True,575992.0538345638
1000,0.05,12,1,3,reg:squarederror,hist,True,68701.9825858844
1000,0.05,12,1,3,reg:pseudohubererror,hist,True,4689940556.248134
1000,0.05,12,1,3,reg:squaredlogerror,hist,True,575992.0538345638
1000,0.05,12,1,4,reg:squarederror,hist,True,67891.98521569606
1000,0.05,12,1,4,reg:pseudohubererror,hist,True,4689940556.248134
1000,0.05,12,1,4,reg:squaredlogerror,hist,True,575992.0538345638
1000,0.05,12,2,0,reg:squarederror,hist,True,85114.37874897794
1000,0.05,12,2,0,reg:pseudohubererror,hist,True,4689940556.248134
1000,0.05,12,2,0,reg:squaredlogerror,hist,True,575992.0538345638
1000,0.05,12,2,1,reg:squarederror,hist,True,71718.46152723228
1000,0.05,12,2,1,reg:pseudohubererror,hist,True,4689940556.248134
1000,0.05,12,2,1,reg:squaredlogerror,hist,True,575992.0538345638
1000,0.05,12,2,2,reg:squarederror,hist,True,68525.57632691454
1000,0.05,12,2,2,reg:pseudohubererror,hist,True,4689940556.248134
1000,0.05,12,2,2,reg:squaredlogerror,hist,True,575992.0538345638
1000,0.05,12,2,3,reg:squarederror,hist,True,68549.16479581817
1000,0.05,12,2,3,reg:pseudohubererror,hist,True,4689940556.248134
1000,0.05,12,2,3,reg:squaredlogerror,hist,True,575992.0538345638
1000,0.05,12,2,4,reg:squarederror,hist,True,67709.2344794116
1000,0.05,12,2,4,reg:pseudohubererror,hist,True,4689940556.248134
1000,0.05,12,2,4,reg:squaredlogerror,hist,True,575992.0538345638
1000,0.07,6,0,0,reg:squarederror,hist,True,65031.57619326788
1000,0.07,6,0,0,reg:pseudohubererror,hist,True,4689940556.248134
1000,0.07,6,0,0,reg:squaredlogerror,hist,True,575992.0538345638
1000,0.07,6,0,1,reg:squarederror,hist,True,63491.91135351646
1000,0.07,6,0,1,reg:pseudohubererror,hist,True,4689940556.248134
1000,0.07,6,0,1,reg:squaredlogerror,hist,True,575992.0538345638
1000,0.07,6,0,2,reg:squarederror,hist,True,62114.793196826075
1000,0.07,6,0,2,reg:pseudohubererror,hist,True,4689940556.248134
1000,0.07,6,0,2,reg:squaredlogerror,hist,True,575992.0538345638
1000,0.07,6,0,3,reg:squarederror,hist,True,62230.54604671127
1000,0.07,6,0,3,reg:pseudohubererror,hist,True,4689940556.248134
1000,0.07,6,0,3,reg:squaredlogerror,hist,True,575992.0538345638
1000,0.07,6,0,4,reg:squarederror,hist,True,63157.791556727
1000,0.07,6,0,4,reg:pseudohubererror,hist,True,4689940556.248134
1000,0.07,6,0,4,reg:squaredlogerror,hist,True,575992.0538345638
1000,0.07,6,1,0,reg:squarederror,hist,True,65088.203575648484
1000,0.07,6,1,0,reg:pseudohubererror,hist,True,4689940556.248134
1000,0.07,6,1,0,reg:squaredlogerror,hist,True,575992.0538345638
1000,0.07,6,1,1,reg:squarederror,hist,True,63422.406305290344
1000,0.07,6,1,1,reg:pseudohubererror,hist,True,4689940556.248134
1000,0.07,6,1,1,reg:squaredlogerror,hist,True,575992.0538345638
1000,0.07,6,1,2,reg:squarederror,hist,True,62921.67200533057
1000,0.07,6,1,2,reg:pseudohubererror,hist,True,4689940556.248134
1000,0.07,6,1,2,reg:squaredlogerror,hist,True,575992.0538345638
1000,0.07,6,1,3,reg:squarederror,hist,True,62324.99281434286
1000,0.07,6,1,3,reg:pseudohubererror,hist,True,4689940556.248134
1000,0.07,6,1,3,reg:squaredlogerror,hist,True,575992.0538345638
1000,0.07,6,1,4,reg:squarederror,hist,True,63155.962134959635
1000,0.07,6,1,4,reg:pseudohubererror,hist,True,4689940556.248134
1000,0.07,6,1,4,reg:squaredlogerror,hist,True,575992.0538345638
1000,0.07,6,2,0,reg:squarederror,hist,True,64876.14617303999
1000,0.07,6,2,0,reg:pseudohubererror,hist,True,4689940556.248134
1000,0.07,6,2,0,reg:squaredlogerror,hist,True,575992.0538345638
1000,0.07,6,2,1,reg:squarederror,hist,True,62941.82233284459
1000,0.07,6,2,1,reg:pseudohubererror,hist,True,4689940556.248134
1000,0.07,6,2,1,reg:squaredlogerror,hist,True,575992.0538345638
1000,0.07,6,2,2,reg:squarederror,hist,True,62876.01569617645
1000,0.07,6,2,2,reg:pseudohubererror,hist,True,4689940556.248134
1000,0.07,6,2,2,reg:squaredlogerror,hist,True,575992.0538345638
1000,0.07,6,2,3,reg:squarederror,hist,True,61998.847512334505
1000,0.07,6,2,3,reg:pseudohubererror,hist,True,4689940556.248134
1000,0.07,6,2,3,reg:squaredlogerror,hist,True,575992.0538345638
1000,0.07,6,2,4,reg:squarederror,hist,True,62987.92800500402
1000,0.07,6,2,4,reg:pseudohubererror,hist,True,4689940556.248134
1000,0.07,6,2,4,reg:squaredlogerror,hist,True,575992.0538345638
1000,0.07,8,0,0,reg:squarederror,hist,True,68244.99768616461
1000,0.07,8,0,0,reg:pseudohubererror,hist,True,4689940556.248134
1000,0.07,8,0,0,reg:squaredlogerror,hist,True,575992.0538345638
1000,0.07,8,0,1,reg:squarederror,hist,True,64709.60334007432
1000,0.07,8,0,1,reg:pseudohubererror,hist,True,4689940556.248134
1000,0.07,8,0,1,reg:squaredlogerror,hist,True,575992.0538345638
1000,0.07,8,0,2,reg:squarederror,hist,True,62055.85654899973
1000,0.07,8,0,2,reg:pseudohubererror,hist,True,4689940556.248134
1000,0.07,8,0,2,reg:squaredlogerror,hist,True,575992.0538345638
1000,0.07,8,0,3,reg:squarederror,hist,True,63050.17643642365
1000,0.07,8,0,3,reg:pseudohubererror,hist,True,4689940556.248134
1000,0.07,8,0,3,reg:squaredlogerror,hist,True,575992.0538345638
1000,0.07,8,0,4,reg:squarederror,hist,True,63352.735429871675
1000,0.07,8,0,4,reg:pseudohubererror,hist,True,4689940556.248134
1000,0.07,8,0,4,reg:squaredlogerror,hist,True,575992.0538345638
1000,0.07,8,1,0,reg:squarederror,hist,True,67558.06680616601
1000,0.07,8,1,0,reg:pseudohubererror,hist,True,4689940556.248134
1000,0.07,8,1,0,reg:squaredlogerror,hist,True,575992.0538345638
1000,0.07,8,1,1,reg:squarederror,hist,True,64711.86150225832
1000,0.07,8,1,1,reg:pseudohubererror,hist,True,4689940556.248134
1000,0.07,8,1,1,reg:squaredlogerror,hist,True,575992.0538345638
1000,0.07,8,1,2,reg:squarederror,hist,True,61949.81316061412
1000,0.07,8,1,2,reg:pseudohubererror,hist,True,4689940556.248134
1000,0.07,8,1,2,reg:squaredlogerror,hist,True,575992.0538345638
1000,0.07,8,1,3,reg:squarederror,hist,True,63061.661343764
1000,0.07,8,1,3,reg:pseudohubererror,hist,True,4689940556.248134
1000,0.07,8,1,3,reg:squaredlogerror,hist,True,575992.0538345638
1000,0.07,8,1,4,reg:squarederror,hist,True,63598.583952531364
1000,0.07,8,1,4,reg:pseudohubererror,hist,True,4689940556.248134
1000,0.07,8,1,4,reg:squaredlogerror,hist,True,575992.0538345638
1000,0.07,8,2,0,reg:squarederror,hist,True,68010.28125123402
1000,0.07,8,2,0,reg:pseudohubererror,hist,True,4689940556.248134
1000,0.07,8,2,0,reg:squaredlogerror,hist,True,575992.0538345638
1000,0.07,8,2,1,reg:squarederror,hist,True,64813.91395848242
1000,0.07,8,2,1,reg:pseudohubererror,hist,True,4689940556.248134
1000,0.07,8,2,1,reg:squaredlogerror,hist,True,575992.0538345638
1000,0.07,8,2,2,reg:squarederror,hist,True,62296.74296337669
1000,0.07,8,2,2,reg:pseudohubererror,hist,True,4689940556.248134
1000,0.07,8,2,2,reg:squaredlogerror,hist,True,575992.0538345638
1000,0.07,8,2,3,reg:squarederror,hist,True,63351.33535272092
1000,0.07,8,2,3,reg:pseudohubererror,hist,True,4689940556.248134
1000,0.07,8,2,3,reg:squaredlogerror,hist,True,575992.0538345638
1000,0.07,8,2,4,reg:squarederror,hist,True,63619.71232076056
1000,0.07,8,2,4,reg:pseudohubererror,hist,True,4689940556.248134
1000,0.07,8,2,4,reg:squaredlogerror,hist,True,575992.0538345638
1000,0.07,10,0,0,reg:squarederror,hist,True,76056.94785325685
1000,0.07,10,0,0,reg:pseudohubererror,hist,True,4689940556.248134
1000,0.07,10,0,0,reg:squaredlogerror,hist,True,575992.0538345638
1000,0.07,10,0,1,reg:squarederror,hist,True,67181.64523423492
1000,0.07,10,0,1,reg:pseudohubererror,hist,True,4689940556.248134
1000,0.07,10,0,1,reg:squaredlogerror,hist,True,575992.0538345638
1000,0.07,10,0,2,reg:squarederror,hist,True,67225.89290392757
1000,0.07,10,0,2,reg:pseudohubererror,hist,True,4689940556.248134
1000,0.07,10,0,2,reg:squaredlogerror,hist,True,575992.0538345638
1000,0.07,10,0,3,reg:squarederror,hist,True,67336.40704824879
1000,0.07,10,0,3,reg:pseudohubererror,hist,True,4689940556.248134
1000,0.07,10,0,3,reg:squaredlogerror,hist,True,575992.0538345638
1000,0.07,10,0,4,reg:squarederror,hist,True,66181.47283165083
1000,0.07,10,0,4,reg:pseudohubererror,hist,True,4689940556.248134
1000,0.07,10,0,4,reg:squaredlogerror,hist,True,575992.0538345638
1000,0.07,10,1,0,reg:squarederror,hist,True,76803.37209497209
1000,0.07,10,1,0,reg:pseudohubererror,hist,True,4689940556.248134
1000,0.07,10,1,0,reg:squaredlogerror,hist,True,575992.0538345638
1000,0.07,10,1,1,reg:squarederror,hist,True,66914.11379127369
1000,0.07,10,1,1,reg:pseudohubererror,hist,True,4689940556.248134
1000,0.07,10,1,1,reg:squaredlogerror,hist,True,575992.0538345638
1000,0.07,10,1,2,reg:squarederror,hist,True,67369.43699641815
1000,0.07,10,1,2,reg:pseudohubererror,hist,True,4689940556.248134
1000,0.07,10,1,2,reg:squaredlogerror,hist,True,575992.0538345638
1000,0.07,10,1,3,reg:squarederror,hist,True,67257.20190879903
1000,0.07,10,1,3,reg:pseudohubererror,hist,True,4689940556.248134
1000,0.07,10,1,3,reg:squaredlogerror,hist,True,575992.0538345638
1000,0.07,10,1,4,reg:squarederror,hist,True,66214.26242674695
1000,0.07,10,1,4,reg:pseudohubererror,hist,True,4689940556.248134
1000,0.07,10,1,4,reg:squaredlogerror,hist,True,575992.0538345638
1000,0.07,10,2,0,reg:squarederror,hist,True,76782.82380828912
1000,0.07,10,2,0,reg:pseudohubererror,hist,True,4689940556.248134
1000,0.07,10,2,0,reg:squaredlogerror,hist,True,575992.0538345638
1000,0.07,10,2,1,reg:squarederror,hist,True,66522.10049543422
1000,0.07,10,2,1,reg:pseudohubererror,hist,True,4689940556.248134
1000,0.07,10,2,1,reg:squaredlogerror,hist,True,575992.0538345638
1000,0.07,10,2,2,reg:squarederror,hist,True,67381.80747755444
1000,0.07,10,2,2,reg:pseudohubererror,hist,True,4689940556.248134
1000,0.07,10,2,2,reg:squaredlogerror,hist,True,575992.0538345638
1000,0.07,10,2,3,reg:squarederror,hist,True,67412.18374818549
1000,0.07,10,2,3,reg:pseudohubererror,hist,True,4689940556.248134
1000,0.07,10,2,3,reg:squaredlogerror,hist,True,575992.0538345638
1000,0.07,10,2,4,reg:squarederror,hist,True,66339.53991400574
1000,0.07,10,2,4,reg:pseudohubererror,hist,True,4689940556.248134
1000,0.07,10,2,4,reg:squaredlogerror,hist,True,575992.0538345638
1000,0.07,12,0,0,reg:squarederror,hist,True,85338.08620948397
1000,0.07,12,0,0,reg:pseudohubererror,hist,True,4689940556.248134
1000,0.07,12,0,0,reg:squaredlogerror,hist,True,575992.0538345638
1000,0.07,12,0,1,reg:squarederror,hist,True,70306.8971592947
1000,0.07,12,0,1,reg:pseudohubererror,hist,True,4689940556.248134
1000,0.07,12,0,1,reg:squaredlogerror,hist,True,575992.0538345638
1000,0.07,12,0,2,reg:squarederror,hist,True,70017.05368544535
1000,0.07,12,0,2,reg:pseudohubererror,hist,True,4689940556.248134
1000,0.07,12,0,2,reg:squaredlogerror,hist,True,575992.0538345638
1000,0.07,12,0,3,reg:squarederror,hist,True,68786.18015034194
1000,0.07,12,0,3,reg:pseudohubererror,hist,True,4689940556.248134
1000,0.07,12,0,3,reg:squaredlogerror,hist,True,575992.0538345638
1000,0.07,12,0,4,reg:squarederror,hist,True,68041.69681890002
1000,0.07,12,0,4,reg:pseudohubererror,hist,True,4689940556.248134
1000,0.07,12,0,4,reg:squaredlogerror,hist,True,575992.0538345638
1000,0.07,12,1,0,reg:squarederror,hist,True,84960.373658705
1000,0.07,12,1,0,reg:pseudohubererror,hist,True,4689940556.248134
1000,0.07,12,1,0,reg:squaredlogerror,hist,True,575992.0538345638
1000,0.07,12,1,1,reg:squarederror,hist,True,70156.47801207323
1000,0.07,12,1,1,reg:pseudohubererror,hist,True,4689940556.248134
1000,0.07,12,1,1,reg:squaredlogerror,hist,True,575992.0538345638
1000,0.07,12,1,2,reg:squarederror,hist,True,70031.54470413095
1000,0.07,12,1,2,reg:pseudohubererror,hist,True,4689940556.248134
1000,0.07,12,1,2,reg:squaredlogerror,hist,True,575992.0538345638
1000,0.07,12,1,3,reg:squarederror,hist,True,68885.69861971212
1000,0.07,12,1,3,reg:pseudohubererror,hist,True,4689940556.248134
1000,0.07,12,1,3,reg:squaredlogerror,hist,True,575992.0538345638
1000,0.07,12,1,4,reg:squarederror,hist,True,68018.6347259629
1000,0.07,12,1,4,reg:pseudohubererror,hist,True,4689940556.248134
1000,0.07,12,1,4,reg:squaredlogerror,hist,True,575992.0538345638
1000,0.07,12,2,0,reg:squarederror,hist,True,84609.71695443819
1000,0.07,12,2,0,reg:pseudohubererror,hist,True,4689940556.248134
1000,0.07,12,2,0,reg:squaredlogerror,hist,True,575992.0538345638
1000,0.07,12,2,1,reg:squarederror,hist,True,70253.16763176436
1000,0.07,12,2,1,reg:pseudohubererror,hist,True,4689940556.248134
1000,0.07,12,2,1,reg:squaredlogerror,hist,True,575992.0538345638
1000,0.07,12,2,2,reg:squarederror,hist,True,70076.157342216
1000,0.07,12,2,2,reg:pseudohubererror,hist,True,4689940556.248134
1000,0.07,12,2,2,reg:squaredlogerror,hist,True,575992.0538345638
1000,0.07,12,2,3,reg:squarederror,hist,True,68722.55227499598
1000,0.07,12,2,3,reg:pseudohubererror,hist,True,4689940556.248134
1000,0.07,12,2,3,reg:squaredlogerror,hist,True,575992.0538345638
1000,0.07,12,2,4,reg:squarederror,hist,True,68271.02752266903
1000,0.07,12,2,4,reg:pseudohubererror,hist,True,4689940556.248134
1000,0.07,12,2,4,reg:squaredlogerror,hist,True,575992.0538345638
1000,0.09,6,0,0,reg:squarederror,hist,True,62962.231350702554
1000,0.09,6,0,0,reg:pseudohubererror,hist,True,4689940556.248134
1000,0.09,6,0,0,reg:squaredlogerror,hist,True,575992.0538345638
1000,0.09,6,0,1,reg:squarederror,hist,True,62250.21203038754
1000,0.09,6,0,1,reg:pseudohubererror,hist,True,4689940556.248134
1000,0.09,6,0,1,reg:squaredlogerror,hist,True,575992.0538345638
1000,0.09,6,0,2,reg:squarederror,hist,True,62590.08845940917
1000,0.09,6,0,2,reg:pseudohubererror,hist,True,4689940556.248134
1000,0.09,6,0,2,reg:squaredlogerror,hist,True,575992.0538345638
1000,0.09,6,0,3,reg:squarederror,hist,True,63249.41425471869
1000,0.09,6,0,3,reg:pseudohubererror,hist,True,4689940556.248134
1000,0.09,6,0,3,reg:squaredlogerror,hist,True,575992.0538345638
1000,0.09,6,0,4,reg:squarederror,hist,True,62561.849495084745
1000,0.09,6,0,4,reg:pseudohubererror,hist,True,4689940556.248134
1000,0.09,6,0,4,reg:squaredlogerror,hist,True,575992.0538345638
1000,0.09,6,1,0,reg:squarederror,hist,True,62971.52405312543
1000,0.09,6,1,0,reg:pseudohubererror,hist,True,4689940556.248134
1000,0.09,6,1,0,reg:squaredlogerror,hist,True,575992.0538345638
1000,0.09,6,1,1,reg:squarederror,hist,True,62604.53883648309
1000,0.09,6,1,1,reg:pseudohubererror,hist,True,4689940556.248134
1000,0.09,6,1,1,reg:squaredlogerror,hist,True,575992.0538345638
1000,0.09,6,1,2,reg:squarederror,hist,True,63519.23354856199
1000,0.09,6,1,2,reg:pseudohubererror,hist,True,4689940556.248134
1000,0.09,6,1,2,reg:squaredlogerror,hist,True,575992.0538345638
1000,0.09,6,1,3,reg:squarederror,hist,True,63280.00573170536
1000,0.09,6,1,3,reg:pseudohubererror,hist,True,4689940556.248134
1000,0.09,6,1,3,reg:squaredlogerror,hist,True,575992.0538345638
1000,0.09,6,1,4,reg:squarederror,hist,True,62742.73161398421
1000,0.09,6,1,4,reg:pseudohubererror,hist,True,4689940556.248134
1000,0.09,6,1,4,reg:squaredlogerror,hist,True,575992.0538345638
1000,0.09,6,2,0,reg:squarederror,hist,True,63613.552347616474
1000,0.09,6,2,0,reg:pseudohubererror,hist,True,4689940556.248134
1000,0.09,6,2,0,reg:squaredlogerror,hist,True,575992.0538345638
1000,0.09,6,2,1,reg:squarederror,hist,True,62570.40605806673
1000,0.09,6,2,1,reg:pseudohubererror,hist,True,4689940556.248134
1000,0.09,6,2,1,reg:squaredlogerror,hist,True,575992.0538345638
1000,0.09,6,2,2,reg:squarederror,hist,True,63540.54697893003
1000,0.09,6,2,2,reg:pseudohubererror,hist,True,4689940556.248134
1000,0.09,6,2,2,reg:squaredlogerror,hist,True,575992.0538345638
1000,0.09,6,2,3,reg:squarederror,hist,True,63278.820824509006
1000,0.09,6,2,3,reg:pseudohubererror,hist,True,4689940556.248134
1000,0.09,6,2,3,reg:squaredlogerror,hist,True,575992.0538345638
1000,0.09,6,2,4,reg:squarederror,hist,True,62742.73420549119
1000,0.09,6,2,4,reg:pseudohubererror,hist,True,4689940556.248134
1000,0.09,6,2,4,reg:squaredlogerror,hist,True,575992.0538345638
1000,0.09,8,0,0,reg:squarederror,hist,True,68334.20883262517
1000,0.09,8,0,0,reg:pseudohubererror,hist,True,4689940556.248134
1000,0.09,8,0,0,reg:squaredlogerror,hist,True,575992.0538345638
1000,0.09,8,0,1,reg:squarederror,hist,True,64550.65785860167
1000,0.09,8,0,1,reg:pseudohubererror,hist,True,4689940556.248134
1000,0.09,8,0,1,reg:squaredlogerror,hist,True,575992.0538345638
1000,0.09,8,0,2,reg:squarederror,hist,True,62007.85005974158
1000,0.09,8,0,2,reg:pseudohubererror,hist,True,4689940556.248134
1000,0.09,8,0,2,reg:squaredlogerror,hist,True,575992.0538345638
1000,0.09,8,0,3,reg:squarederror,hist,True,63896.176422896075
1000,0.09,8,0,3,reg:pseudohubererror,hist,True,4689940556.248134
1000,0.09,8,0,3,reg:squaredlogerror,hist,True,575992.0538345638
1000,0.09,8,0,4,reg:squarederror,hist,True,64520.17553095182
1000,0.09,8,0,4,reg:pseudohubererror,hist,True,4689940556.248134
1000,0.09,8,0,4,reg:squaredlogerror,hist,True,575992.0538345638
1000,0.09,8,1,0,reg:squarederror,hist,True,68275.9905477606
1000,0.09,8,1,0,reg:pseudohubererror,hist,True,4689940556.248134
1000,0.09,8,1,0,reg:squaredlogerror,hist,True,575992.0538345638
1000,0.09,8,1,1,reg:squarederror,hist,True,64363.997162957705
1000,0.09,8,1,1,reg:pseudohubererror,hist,True,4689940556.248134
1000,0.09,8,1,1,reg:squaredlogerror,hist,True,575992.0538345638
1000,0.09,8,1,2,reg:squarederror,hist,True,62636.28381830115
1000,0.09,8,1,2,reg:pseudohubererror,hist,True,4689940556.248134
1000,0.09,8,1,2,reg:squaredlogerror,hist,True,575992.0538345638
1000,0.09,8,1,3,reg:squarederror,hist,True,63901.221932969915
1000,0.09,8,1,3,reg:pseudohubererror,hist,True,4689940556.248134
1000,0.09,8,1,3,reg:squaredlogerror,hist,True,575992.0538345638
1000,0.09,8,1,4,reg:squarederror,hist,True,64584.74400115057
1000,0.09,8,1,4,reg:pseudohubererror,hist,True,4689940556.248134
1000,0.09,8,1,4,reg:squaredlogerror,hist,True,575992.0538345638
1000,0.09,8,2,0,reg:squarederror,hist,True,68361.74368149009
1000,0.09,8,2,0,reg:pseudohubererror,hist,True,4689940556.248134
1000,0.09,8,2,0,reg:squaredlogerror,hist,True,575992.0538345638
1000,0.09,8,2,1,reg:squarederror,hist,True,64266.490812824675
1000,0.09,8,2,1,reg:pseudohubererror,hist,True,4689940556.248134
1000,0.09,8,2,1,reg:squaredlogerror,hist,True,575992.0538345638
1000,0.09,8,2,2,reg:squarederror,hist,True,62538.31379541176
1000,0.09,8,2,2,reg:pseudohubererror,hist,True,4689940556.248134
1000,0.09,8,2,2,reg:squaredlogerror,hist,True,575992.0538345638
1000,0.09,8,2,3,reg:squarederror,hist,True,64042.01882366043
1000,0.09,8,2,3,reg:pseudohubererror,hist,True,4689940556.248134
1000,0.09,8,2,3,reg:squaredlogerror,hist,True,575992.0538345638
1000,0.09,8,2,4,reg:squarederror,hist,True,64501.468832537365
1000,0.09,8,2,4,reg:pseudohubererror,hist,True,4689940556.248134
1000,0.09,8,2,4,reg:squaredlogerror,hist,True,575992.0538345638
1000,0.09,10,0,0,reg:squarederror,hist,True,76828.56086323841
1000,0.09,10,0,0,reg:pseudohubererror,hist,True,4689940556.248134
1000,0.09,10,0,0,reg:squaredlogerror,hist,True,575992.0538345638
1000,0.09,10,0,1,reg:squarederror,hist,True,66529.54510255436
1000,0.09,10,0,1,reg:pseudohubererror,hist,True,4689940556.248134
1000,0.09,10,0,1,reg:squaredlogerror,hist,True,575992.0538345638
1000,0.09,10,0,2,reg:squarederror,hist,True,66717.17372820704
1000,0.09,10,0,2,reg:pseudohubererror,hist,True,4689940556.248134
1000,0.09,10,0,2,reg:squaredlogerror,hist,True,575992.0538345638
1000,0.09,10,0,3,reg:squarederror,hist,True,66229.64415970941
1000,0.09,10,0,3,reg:pseudohubererror,hist,True,4689940556.248134
1000,0.09,10,0,3,reg:squaredlogerror,hist,True,575992.0538345638
1000,0.09,10,0,4,reg:squarederror,hist,True,65757.86769639321
1000,0.09,10,0,4,reg:pseudohubererror,hist,True,4689940556.248134
1000,0.09,10,0,4,reg:squaredlogerror,hist,True,575992.0538345638
1000,0.09,10,1,0,reg:squarederror,hist,True,76491.43619465825
1000,0.09,10,1,0,reg:pseudohubererror,hist,True,4689940556.248134
1000,0.09,10,1,0,reg:squaredlogerror,hist,True,575992.0538345638
1000,0.09,10,1,1,reg:squarederror,hist,True,66654.36736310062
1000,0.09,10,1,1,reg:pseudohubererror,hist,True,4689940556.248134
1000,0.09,10,1,1,reg:squaredlogerror,hist,True,575992.0538345638
1000,0.09,10,1,2,reg:squarederror,hist,True,66831.46250506451
1000,0.09,10,1,2,reg:pseudohubererror,hist,True,4689940556.248134
1000,0.09,10,1,2,reg:squaredlogerror,hist,True,575992.0538345638
1000,0.09,10,1,3,reg:squarederror,hist,True,66415.66682941123
1000,0.09,10,1,3,reg:pseudohubererror,hist,True,4689940556.248134
1000,0.09,10,1,3,reg:squaredlogerror,hist,True,575992.0538345638
1000,0.09,10,1,4,reg:squarederror,hist,True,65729.14151640408
1000,0.09,10,1,4,reg:pseudohubererror,hist,True,4689940556.248134
1000,0.09,10,1,4,reg:squaredlogerror,hist,True,575992.0538345638
1000,0.09,10,2,0,reg:squarederror,hist,True,76942.42240744577
1000,0.09,10,2,0,reg:pseudohubererror,hist,True,4689940556.248134
1000,0.09,10,2,0,reg:squaredlogerror,hist,True,575992.0538345638
1000,0.09,10,2,1,reg:squarederror,hist,True,66441.77970462033
1000,0.09,10,2,1,reg:pseudohubererror,hist,True,4689940556.248134
1000,0.09,10,2,1,reg:squaredlogerror,hist,True,575992.0538345638
1000,0.09,10,2,2,reg:squarederror,hist,True,66767.227693447
1000,0.09,10,2,2,reg:pseudohubererror,hist,True,4689940556.248134
1000,0.09,10,2,2,reg:squaredlogerror,hist,True,575992.0538345638
1000,0.09,10,2,3,reg:squarederror,hist,True,66339.47170724682
1000,0.09,10,2,3,reg:pseudohubererror,hist,True,4689940556.248134
1000,0.09,10,2,3,reg:squaredlogerror,hist,True,575992.0538345638
1000,0.09,10,2,4,reg:squarederror,hist,True,65666.05601805348
1000,0.09,10,2,4,reg:pseudohubererror,hist,True,4689940556.248134
1000,0.09,10,2,4,reg:squaredlogerror,hist,True,575992.0538345638
1000,0.09,12,0,0,reg:squarederror,hist,True,84940.58572739617
1000,0.09,12,0,0,reg:pseudohubererror,hist,True,4689940556.248134
1000,0.09,12,0,0,reg:squaredlogerror,hist,True,575992.0538345638
1000,0.09,12,0,1,reg:squarederror,hist,True,70855.79565373785
1000,0.09,12,0,1,reg:pseudohubererror,hist,True,4689940556.248134
1000,0.09,12,0,1,reg:squaredlogerror,hist,True,575992.0538345638
1000,0.09,12,0,2,reg:squarederror,hist,True,68893.85426682969
1000,0.09,12,0,2,reg:pseudohubererror,hist,True,4689940556.248134
1000,0.09,12,0,2,reg:squaredlogerror,hist,True,575992.0538345638
1000,0.09,12,0,3,reg:squarederror,hist,True,68641.52067030699
1000,0.09,12,0,3,reg:pseudohubererror,hist,True,4689940556.248134
1000,0.09,12,0,3,reg:squaredlogerror,hist,True,575992.0538345638
1000,0.09,12,0,4,reg:squarederror,hist,True,68529.0075871523
1000,0.09,12,0,4,reg:pseudohubererror,hist,True,4689940556.248134
1000,0.09,12,0,4,reg:squaredlogerror,hist,True,575992.0538345638
1000,0.09,12,1,0,reg:squarederror,hist,True,85334.05761660392
1000,0.09,12,1,0,reg:pseudohubererror,hist,True,4689940556.248134
1000,0.09,12,1,0,reg:squaredlogerror,hist,True,575992.0538345638
1000,0.09,12,1,1,reg:squarederror,hist,True,71019.56395756776
1000,0.09,12,1,1,reg:pseudohubererror,hist,True,4689940556.248134
1000,0.09,12,1,1,reg:squaredlogerror,hist,True,575992.0538345638
1000,0.09,12,1,2,reg:squarederror,hist,True,68851.51867493414
1000,0.09,12,1,2,reg:pseudohubererror,hist,True,4689940556.248134
1000,0.09,12,1,2,reg:squaredlogerror,hist,True,575992.0538345638
1000,0.09,12,1,3,reg:squarederror,hist,True,68537.69730341442
1000,0.09,12,1,3,reg:pseudohubererror,hist,True,4689940556.248134
1000,0.09,12,1,3,reg:squaredlogerror,hist,True,575992.0538345638
1000,0.09,12,1,4,reg:squarederror,hist,True,68604.76234135563
1000,0.09,12,1,4,reg:pseudohubererror,hist,True,4689940556.248134
1000,0.09,12,1,4,reg:squaredlogerror,hist,True,575992.0538345638
1000,0.09,12,2,0,reg:squarederror,hist,True,85656.51753192651
1000,0.09,12,2,0,reg:pseudohubererror,hist,True,4689940556.248134
1000,0.09,12,2,0,reg:squaredlogerror,hist,True,575992.0538345638
1000,0.09,12,2,1,reg:squarederror,hist,True,70866.61920917394
1000,0.09,12,2,1,reg:pseudohubererror,hist,True,4689940556.248134
1000,0.09,12,2,1,reg:squaredlogerror,hist,True,575992.0538345638
1000,0.09,12,2,2,reg:squarederror,hist,True,70030.61036761511
1000,0.09,12,2,2,reg:pseudohubererror,hist,True,4689940556.248134
1000,0.09,12,2,2,reg:squaredlogerror,hist,True,575992.0538345638
1000,0.09,12,2,3,reg:squarederror,hist,True,68515.58165075716
1000,0.09,12,2,3,reg:pseudohubererror,hist,True,4689940556.248134
1000,0.09,12,2,3,reg:squaredlogerror,hist,True,575992.0538345638
1000,0.09,12,2,4,reg:squarederror,hist,True,68611.76263676675
1000,0.09,12,2,4,reg:pseudohubererror,hist,True,4689940556.248134
1000,0.09,12,2,4,reg:squaredlogerror,hist,True,575992.0538345638
1500,0.01,6,0,0,reg:squarederror,hist,True,66332.06149654771
1500,0.01,6,0,0,reg:pseudohubererror,hist,True,4689940556.248134
1500,0.01,6,0,0,reg:squaredlogerror,hist,True,575992.0538345638
1500,0.01,6,0,1,reg:squarederror,hist,True,64817.31035020487
1500,0.01,6,0,1,reg:pseudohubererror,hist,True,4689940556.248134
1500,0.01,6,0,1,reg:squaredlogerror,hist,True,575992.0538345638
1500,0.01,6,0,2,reg:squarederror,hist,True,64189.00041137405
1500,0.01,6,0,2,reg:pseudohubererror,hist,True,4689940556.248134
1500,0.01,6,0,2,reg:squaredlogerror,hist,True,575992.0538345638
1500,0.01,6,0,3,reg:squarederror,hist,True,64929.883979045044
1500,0.01,6,0,3,reg:pseudohubererror,hist,True,4689940556.248134
1500,0.01,6,0,3,reg:squaredlogerror,hist,True,575992.0538345638
1500,0.01,6,0,4,reg:squarederror,hist,True,65275.48047670935
1500,0.01,6,0,4,reg:pseudohubererror,hist,True,4689940556.248134
1500,0.01,6,0,4,reg:squaredlogerror,hist,True,575992.0538345638
1500,0.01,6,1,0,reg:squarederror,hist,True,66042.26879877846
1500,0.01,6,1,0,reg:pseudohubererror,hist,True,4689940556.248134
1500,0.01,6,1,0,reg:squaredlogerror,hist,True,575992.0538345638
1500,0.01,6,1,1,reg:squarederror,hist,True,64910.359399634064
1500,0.01,6,1,1,reg:pseudohubererror,hist,True,4689940556.248134
1500,0.01,6,1,1,reg:squaredlogerror,hist,True,575992.0538345638
1500,0.01,6,1,2,reg:squarederror,hist,True,64141.14623692624
1500,0.01,6,1,2,reg:pseudohubererror,hist,True,4689940556.248134
1500,0.01,6,1,2,reg:squaredlogerror,hist,True,575992.0538345638
1500,0.01,6,1,3,reg:squarederror,hist,True,64896.09229688073
1500,0.01,6,1,3,reg:pseudohubererror,hist,True,4689940556.248134
1500,0.01,6,1,3,reg:squaredlogerror,hist,True,575992.0538345638
1500,0.01,6,1,4,reg:squarederror,hist,True,65380.214882268716
1500,0.01,6,1,4,reg:pseudohubererror,hist,True,4689940556.248134
1500,0.01,6,1,4,reg:squaredlogerror,hist,True,575992.0538345638
1500,0.01,6,2,0,reg:squarederror,hist,True,66033.24180195796
1500,0.01,6,2,0,reg:pseudohubererror,hist,True,4689940556.248134
1500,0.01,6,2,0,reg:squaredlogerror,hist,True,575992.0538345638
1500,0.01,6,2,1,reg:squarederror,hist,True,64588.24152648285
1500,0.01,6,2,1,reg:pseudohubererror,hist,True,4689940556.248134
1500,0.01,6,2,1,reg:squaredlogerror,hist,True,575992.0538345638
1500,0.01,6,2,2,reg:squarederror,hist,True,64139.10344756474
1500,0.01,6,2,2,reg:pseudohubererror,hist,True,4689940556.248134
1500,0.01,6,2,2,reg:squaredlogerror,hist,True,575992.0538345638
1500,0.01,6,2,3,reg:squarederror,hist,True,65002.00281749052
1500,0.01,6,2,3,reg:pseudohubererror,hist,True,4689940556.248134
1500,0.01,6,2,3,reg:squaredlogerror,hist,True,575992.0538345638
1500,0.01,6,2,4,reg:squarederror,hist,True,65448.89942013467
1500,0.01,6,2,4,reg:pseudohubererror,hist,True,4689940556.248134
1500,0.01,6,2,4,reg:squaredlogerror,hist,True,575992.0538345638
1500,0.01,8,0,0,reg:squarederror,hist,True,67821.91823019895
1500,0.01,8,0,0,reg:pseudohubererror,hist,True,4689940556.248134
1500,0.01,8,0,0,reg:squaredlogerror,hist,True,575992.0538345638
1500,0.01,8,0,1,reg:squarederror,hist,True,64480.1031560034
1500,0.01,8,0,1,reg:pseudohubererror,hist,True,4689940556.248134
1500,0.01,8,0,1,reg:squaredlogerror,hist,True,575992.0538345638
1500,0.01,8,0,2,reg:squarederror,hist,True,61808.966572683654
1500,0.01,8,0,2,reg:pseudohubererror,hist,True,4689940556.248134
1500,0.01,8,0,2,reg:squaredlogerror,hist,True,575992.0538345638
1500,0.01,8,0,3,reg:squarederror,hist,True,64051.7029914438
1500,0.01,8,0,3,reg:pseudohubererror,hist,True,4689940556.248134
1500,0.01,8,0,3,reg:squaredlogerror,hist,True,575992.0538345638
1500,0.01,8,0,4,reg:squarederror,hist,True,64453.33682462634
1500,0.01,8,0,4,reg:pseudohubererror,hist,True,4689940556.248134
1500,0.01,8,0,4,reg:squaredlogerror,hist,True,575992.0538345638
1500,0.01,8,1,0,reg:squarederror,hist,True,67635.05477210981
1500,0.01,8,1,0,reg:pseudohubererror,hist,True,4689940556.248134
1500,0.01,8,1,0,reg:squaredlogerror,hist,True,575992.0538345638
1500,0.01,8,1,1,reg:squarederror,hist,True,64514.81294341596
1500,0.01,8,1,1,reg:pseudohubererror,hist,True,4689940556.248134
1500,0.01,8,1,1,reg:squaredlogerror,hist,True,575992.0538345638
1500,0.01,8,1,2,reg:squarederror,hist,True,62033.60722705154
1500,0.01,8,1,2,reg:pseudohubererror,hist,True,4689940556.248134
1500,0.01,8,1,2,reg:squaredlogerror,hist,True,575992.0538345638
1500,0.01,8,1,3,reg:squarederror,hist,True,63417.50182837704
1500,0.01,8,1,3,reg:pseudohubererror,hist,True,4689940556.248134
1500,0.01,8,1,3,reg:squaredlogerror,hist,True,575992.0538345638
1500,0.01,8,1,4,reg:squarederror,hist,True,64316.77650673798
1500,0.01,8,1,4,reg:pseudohubererror,hist,True,4689940556.248134
1500,0.01,8,1,4,reg:squaredlogerror,hist,True,575992.0538345638
1500,0.01,8,2,0,reg:squarederror,hist,True,68308.72182302161
1500,0.01,8,2,0,reg:pseudohubererror,hist,True,4689940556.248134
1500,0.01,8,2,0,reg:squaredlogerror,hist,True,575992.0538345638
1500,0.01,8,2,1,reg:squarederror,hist,True,63815.87451483117
1500,0.01,8,2,1,reg:pseudohubererror,hist,True,4689940556.248134
1500,0.01,8,2,1,reg:squaredlogerror,hist,True,575992.0538345638
1500,0.01,8,2,2,reg:squarederror,hist,True,61846.0121597226
1500,0.01,8,2,2,reg:pseudohubererror,hist,True,4689940556.248134
1500,0.01,8,2,2,reg:squaredlogerror,hist,True,575992.0538345638
1500,0.01,8,2,3,reg:squarederror,hist,True,63612.91273164244
1500,0.01,8,2,3,reg:pseudohubererror,hist,True,4689940556.248134
1500,0.01,8,2,3,reg:squaredlogerror,hist,True,575992.0538345638
1500,0.01,8,2,4,reg:squarederror,hist,True,64499.4077222988
1500,0.01,8,2,4,reg:pseudohubererror,hist,True,4689940556.248134
1500,0.01,8,2,4,reg:squaredlogerror,hist,True,575992.0538345638
1500,0.01,10,0,0,reg:squarederror,hist,True,76578.3318526206
1500,0.01,10,0,0,reg:pseudohubererror,hist,True,4689940556.248134
1500,0.01,10,0,0,reg:squaredlogerror,hist,True,575992.0538345638
1500,0.01,10,0,1,reg:squarederror,hist,True,68052.5648779829
1500,0.01,10,0,1,reg:pseudohubererror,hist,True,4689940556.248134
1500,0.01,10,0,1,reg:squaredlogerror,hist,True,575992.0538345638
1500,0.01,10,0,2,reg:squarederror,hist,True,66883.21705258507
1500,0.01,10,0,2,reg:pseudohubererror,hist,True,4689940556.248134
1500,0.01,10,0,2,reg:squaredlogerror,hist,True,575992.0538345638
1500,0.01,10,0,3,reg:squarederror,hist,True,66829.66080809508
1500,0.01,10,0,3,reg:pseudohubererror,hist,True,4689940556.248134
1500,0.01,10,0,3,reg:squaredlogerror,hist,True,575992.0538345638
1500,0.01,10,0,4,reg:squarederror,hist,True,67332.54241914053
1500,0.01,10,0,4,reg:pseudohubererror,hist,True,4689940556.248134
1500,0.01,10,0,4,reg:squaredlogerror,hist,True,575992.0538345638
1500,0.01,10,1,0,reg:squarederror,hist,True,76555.98534399705
1500,0.01,10,1,0,reg:pseudohubererror,hist,True,4689940556.248134
1500,0.01,10,1,0,reg:squaredlogerror,hist,True,575992.0538345638
1500,0.01,10,1,1,reg:squarederror,hist,True,68637.81594599728
1500,0.01,10,1,1,reg:pseudohubererror,hist,True,4689940556.248134
1500,0.01,10,1,1,reg:squaredlogerror,hist,True,575992.0538345638
1500,0.01,10,1,2,reg:squarederror,hist,True,67831.17296703474
1500,0.01,10,1,2,reg:pseudohubererror,hist,True,4689940556.248134
1500,0.01,10,1,2,reg:squaredlogerror,hist,True,575992.0538345638
1500,0.01,10,1,3,reg:squarederror,hist,True,67506.29550868059
1500,0.01,10,1,3,reg:pseudohubererror,hist,True,4689940556.248134
1500,0.01,10,1,3,reg:squaredlogerror,hist,True,575992.0538345638
1500,0.01,10,1,4,reg:squarederror,hist,True,67660.24069257233
1500,0.01,10,1,4,reg:pseudohubererror,hist,True,4689940556.248134
1500,0.01,10,1,4,reg:squaredlogerror,hist,True,575992.0538345638
1500,0.01,10,2,0,reg:squarederror,hist,True,77028.81194739434
1500,0.01,10,2,0,reg:pseudohubererror,hist,True,4689940556.248134
1500,0.01,10,2,0,reg:squaredlogerror,hist,True,575992.0538345638
1500,0.01,10,2,1,reg:squarederror,hist,True,67851.48558793566
1500,0.01,10,2,1,reg:pseudohubererror,hist,True,4689940556.248134
1500,0.01,10,2,1,reg:squaredlogerror,hist,True,575992.0538345638
1500,0.01,10,2,2,reg:squarederror,hist,True,67037.97034621838
1500,0.01,10,2,2,reg:pseudohubererror,hist,True,4689940556.248134
1500,0.01,10,2,2,reg:squaredlogerror,hist,True,575992.0538345638
1500,0.01,10,2,3,reg:squarederror,hist,True,67548.35273746331
1500,0.01,10,2,3,reg:pseudohubererror,hist,True,4689940556.248134
1500,0.01,10,2,3,reg:squaredlogerror,hist,True,575992.0538345638
1500,0.01,10,2,4,reg:squarederror,hist,True,67191.23788271082
1500,0.01,10,2,4,reg:pseudohubererror,hist,True,4689940556.248134
1500,0.01,10,2,4,reg:squaredlogerror,hist,True,575992.0538345638
1500,0.01,12,0,0,reg:squarederror,hist,True,85141.60274947429
1500,0.01,12,0,0,reg:pseudohubererror,hist,True,4689940556.248134
1500,0.01,12,0,0,reg:squaredlogerror,hist,True,575992.0538345638
1500,0.01,12,0,1,reg:squarederror,hist,True,71584.03872821962
1500,0.01,12,0,1,reg:pseudohubererror,hist,True,4689940556.248134
1500,0.01,12,0,1,reg:squaredlogerror,hist,True,575992.0538345638
1500,0.01,12,0,2,reg:squarederror,hist,True,68933.70286172713
1500,0.01,12,0,2,reg:pseudohubererror,hist,True,4689940556.248134
1500,0.01,12,0,2,reg:squaredlogerror,hist,True,575992.0538345638
1500,0.01,12,0,3,reg:squarederror,hist,True,68428.17238112593
1500,0.01,12,0,3,reg:pseudohubererror,hist,True,4689940556.248134
1500,0.01,12,0,3,reg:squaredlogerror,hist,True,575992.0538345638
1500,0.01,12,0,4,reg:squarederror,hist,True,69721.62830084816
1500,0.01,12,0,4,reg:pseudohubererror,hist,True,4689940556.248134
1500,0.01,12,0,4,reg:squaredlogerror,hist,True,575992.0538345638
1500,0.01,12,1,0,reg:squarederror,hist,True,84656.8289816041
1500,0.01,12,1,0,reg:pseudohubererror,hist,True,4689940556.248134
1500,0.01,12,1,0,reg:squaredlogerror,hist,True,575992.0538345638
1500,0.01,12,1,1,reg:squarederror,hist,True,71673.58367352889
1500,0.01,12,1,1,reg:pseudohubererror,hist,True,4689940556.248134
1500,0.01,12,1,1,reg:squaredlogerror,hist,True,575992.0538345638
1500,0.01,12,1,2,reg:squarederror,hist,True,68413.14866098226
1500,0.01,12,1,2,reg:pseudohubererror,hist,True,4689940556.248134
1500,0.01,12,1,2,reg:squaredlogerror,hist,True,575992.0538345638
1500,0.01,12,1,3,reg:squarederror,hist,True,68945.8671237667
1500,0.01,12,1,3,reg:pseudohubererror,hist,True,4689940556.248134
1500,0.01,12,1,3,reg:squaredlogerror,hist,True,575992.0538345638
1500,0.01,12,1,4,reg:squarederror,hist,True,68901.28781511463
1500,0.01,12,1,4,reg:pseudohubererror,hist,True,4689940556.248134
1500,0.01,12,1,4,reg:squaredlogerror,hist,True,575992.0538345638
1500,0.01,12,2,0,reg:squarederror,hist,True,84594.03797591239
1500,0.01,12,2,0,reg:pseudohubererror,hist,True,4689940556.248134
1500,0.01,12,2,0,reg:squaredlogerror,hist,True,575992.0538345638
1500,0.01,12,2,1,reg:squarederror,hist,True,71843.85263751328
1500,0.01,12,2,1,reg:pseudohubererror,hist,True,4689940556.248134
1500,0.01,12,2,1,reg:squaredlogerror,hist,True,575992.0538345638
1500,0.01,12,2,2,reg:squarederror,hist,True,68778.43374455477
1500,0.01,12,2,2,reg:pseudohubererror,hist,True,4689940556.248134
1500,0.01,12,2,2,reg:squaredlogerror,hist,True,575992.0538345638
1500,0.01,12,2,3,reg:squarederror,hist,True,69176.94449863306
1500,0.01,12,2,3,reg:pseudohubererror,hist,True,4689940556.248134
1500,0.01,12,2,3,reg:squaredlogerror,hist,True,575992.0538345638
1500,0.01,12,2,4,reg:squarederror,hist,True,69121.38559994176
1500,0.01,12,2,4,reg:pseudohubererror,hist,True,4689940556.248134
1500,0.01,12,2,4,reg:squaredlogerror,hist,True,575992.0538345638
1500,0.03,6,0,0,reg:squarederror,hist,True,64117.7417259154
1500,0.03,6,0,0,reg:pseudohubererror,hist,True,4689940556.248134
1500,0.03,6,0,0,reg:squaredlogerror,hist,True,575992.0538345638
1500,0.03,6,0,1,reg:squarederror,hist,True,62545.86555091479
1500,0.03,6,0,1,reg:pseudohubererror,hist,True,4689940556.248134
1500,0.03,6,0,1,reg:squaredlogerror,hist,True,575992.0538345638
1500,0.03,6,0,2,reg:squarederror,hist,True,62527.830233328306
1500,0.03,6,0,2,reg:pseudohubererror,hist,True,4689940556.248134
1500,0.03,6,0,2,reg:squaredlogerror,hist,True,575992.0538345638
1500,0.03,6,0,3,reg:squarederror,hist,True,63046.94167953627
1500,0.03,6,0,3,reg:pseudohubererror,hist,True,4689940556.248134
1500,0.03,6,0,3,reg:squaredlogerror,hist,True,575992.0538345638
1500,0.03,6,0,4,reg:squarederror,hist,True,62745.06315553513
1500,0.03,6,0,4,reg:pseudohubererror,hist,True,4689940556.248134
1500,0.03,6,0,4,reg:squaredlogerror,hist,True,575992.0538345638
1500,0.03,6,1,0,reg:squarederror,hist,True,64125.51049716067
1500,0.03,6,1,0,reg:pseudohubererror,hist,True,4689940556.248134
1500,0.03,6,1,0,reg:squaredlogerror,hist,True,575992.0538345638
1500,0.03,6,1,1,reg:squarederror,hist,True,62556.339636739416
1500,0.03,6,1,1,reg:pseudohubererror,hist,True,4689940556.248134
1500,0.03,6,1,1,reg:squaredlogerror,hist,True,575992.0538345638
1500,0.03,6,1,2,reg:squarederror,hist,True,62937.066771633064
1500,0.03,6,1,2,reg:pseudohubererror,hist,True,4689940556.248134
1500,0.03,6,1,2,reg:squaredlogerror,hist,True,575992.0538345638
1500,0.03,6,1,3,reg:squarederror,hist,True,63007.33978218223
1500,0.03,6,1,3,reg:pseudohubererror,hist,True,4689940556.248134
1500,0.03,6,1,3,reg:squaredlogerror,hist,True,575992.0538345638
1500,0.03,6,1,4,reg:squarederror,hist,True,62657.283631388935
1500,0.03,6,1,4,reg:pseudohubererror,hist,True,4689940556.248134
1500,0.03,6,1,4,reg:squaredlogerror,hist,True,575992.0538345638
1500,0.03,6,2,0,reg:squarederror,hist,True,64071.451549700905
1500,0.03,6,2,0,reg:pseudohubererror,hist,True,4689940556.248134
1500,0.03,6,2,0,reg:squaredlogerror,hist,True,575992.0538345638
1500,0.03,6,2,1,reg:squarederror,hist,True,62300.9790008288
1500,0.03,6,2,1,reg:pseudohubererror,hist,True,4689940556.248134
1500,0.03,6,2,1,reg:squaredlogerror,hist,True,575992.0538345638
1500,0.03,6,2,2,reg:squarederror,hist,True,62583.46192427291
1500,0.03,6,2,2,reg:pseudohubererror,hist,True,4689940556.248134
1500,0.03,6,2,2,reg:squaredlogerror,hist,True,575992.0538345638
1500,0.03,6,2,3,reg:squarederror,hist,True,62848.35294449505
1500,0.03,6,2,3,reg:pseudohubererror,hist,True,4689940556.248134
1500,0.03,6,2,3,reg:squaredlogerror,hist,True,575992.0538345638
1500,0.03,6,2,4,reg:squarederror,hist,True,62247.328716197415
1500,0.03,6,2,4,reg:pseudohubererror,hist,True,4689940556.248134
1500,0.03,6,2,4,reg:squaredlogerror,hist,True,575992.0538345638
1500,0.03,8,0,0,reg:squarederror,hist,True,67567.04223673366
1500,0.03,8,0,0,reg:pseudohubererror,hist,True,4689940556.248134
1500,0.03,8,0,0,reg:squaredlogerror,hist,True,575992.0538345638
1500,0.03,8,0,1,reg:squarederror,hist,True,63942.65229240249
1500,0.03,8,0,1,reg:pseudohubererror,hist,True,4689940556.248134
1500,0.03,8,0,1,reg:squaredlogerror,hist,True,575992.0538345638
1500,0.03,8,0,2,reg:squarederror,hist,True,60763.96742011753
1500,0.03,8,0,2,reg:pseudohubererror,hist,True,4689940556.248134
1500,0.03,8,0,2,reg:squaredlogerror,hist,True,575992.0538345638
1500,0.03,8,0,3,reg:squarederror,hist,True,62223.80576445857
1500,0.03,8,0,3,reg:pseudohubererror,hist,True,4689940556.248134
1500,0.03,8,0,3,reg:squaredlogerror,hist,True,575992.0538345638
1500,0.03,8,0,4,reg:squarederror,hist,True,62147.99047941098
1500,0.03,8,0,4,reg:pseudohubererror,hist,True,4689940556.248134
1500,0.03,8,0,4,reg:squaredlogerror,hist,True,575992.0538345638
1500,0.03,8,1,0,reg:squarederror,hist,True,66759.870481809
1500,0.03,8,1,0,reg:pseudohubererror,hist,True,4689940556.248134
1500,0.03,8,1,0,reg:squaredlogerror,hist,True,575992.0538345638
1500,0.03,8,1,1,reg:squarederror,hist,True,64319.661827649164
1500,0.03,8,1,1,reg:pseudohubererror,hist,True,4689940556.248134
1500,0.03,8,1,1,reg:squaredlogerror,hist,True,575992.0538345638
1500,0.03,8,1,2,reg:squarederror,hist,True,60870.09273885713
1500,0.03,8,1,2,reg:pseudohubererror,hist,True,4689940556.248134
1500,0.03,8,1,2,reg:squaredlogerror,hist,True,575992.0538345638
1500,0.03,8,1,3,reg:squarederror,hist,True,62197.73286316753
1500,0.03,8,1,3,reg:pseudohubererror,hist,True,4689940556.248134
1500,0.03,8,1,3,reg:squaredlogerror,hist,True,575992.0538345638
1500,0.03,8,1,4,reg:squarederror,hist,True,62251.26347460105
1500,0.03,8,1,4,reg:pseudohubererror,hist,True,4689940556.248134
1500,0.03,8,1,4,reg:squaredlogerror,hist,True,575992.0538345638
1500,0.03,8,2,0,reg:squarederror,hist,True,67536.78605605607
1500,0.03,8,2,0,reg:pseudohubererror,hist,True,4689940556.248134
1500,0.03,8,2,0,reg:squaredlogerror,hist,True,575992.0538345638
1500,0.03,8,2,1,reg:squarederror,hist,True,63565.57587822676
1500,0.03,8,2,1,reg:pseudohubererror,hist,True,4689940556.248134
1500,0.03,8,2,1,reg:squaredlogerror,hist,True,575992.0538345638
1500,0.03,8,2,2,reg:squarederror,hist,True,60837.44794772909
1500,0.03,8,2,2,reg:pseudohubererror,hist,True,4689940556.248134
1500,0.03,8,2,2,reg:squaredlogerror,hist,True,575992.0538345638
1500,0.03,8,2,3,reg:squarederror,hist,True,62292.10635534457
1500,0.03,8,2,3,reg:pseudohubererror,hist,True,4689940556.248134
1500,0.03,8,2,3,reg:squaredlogerror,hist,True,575992.0538345638
1500,0.03,8,2,4,reg:squarederror,hist,True,62641.03109712349
1500,0.03,8,2,4,reg:pseudohubererror,hist,True,4689940556.248134
1500,0.03,8,2,4,reg:squaredlogerror,hist,True,575992.0538345638
1500,0.03,10,0,0,reg:squarederror,hist,True,76519.84775380486
1500,0.03,10,0,0,reg:pseudohubererror,hist,True,4689940556.248134
1500,0.03,10,0,0,reg:squaredlogerror,hist,True,575992.0538345638
1500,0.03,10,0,1,reg:squarederror,hist,True,68809.78741101963
1500,0.03,10,0,1,reg:pseudohubererror,hist,True,4689940556.248134
1500,0.03,10,0,1,reg:squaredlogerror,hist,True,575992.0538345638
1500,0.03,10,0,2,reg:squarederror,hist,True,65541.23893536296
1500,0.03,10,0,2,reg:pseudohubererror,hist,True,4689940556.248134
1500,0.03,10,0,2,reg:squaredlogerror,hist,True,575992.0538345638
1500,0.03,10,0,3,reg:squarederror,hist,True,66425.51884943397
1500,0.03,10,0,3,reg:pseudohubererror,hist,True,4689940556.248134
1500,0.03,10,0,3,reg:squaredlogerror,hist,True,575992.0538345638
1500,0.03,10,0,4,reg:squarederror,hist,True,67662.46153657897
1500,0.03,10,0,4,reg:pseudohubererror,hist,True,4689940556.248134
1500,0.03,10,0,4,reg:squaredlogerror,hist,True,575992.0538345638
1500,0.03,10,1,0,reg:squarederror,hist,True,76394.89251975535
1500,0.03,10,1,0,reg:pseudohubererror,hist,True,4689940556.248134
1500,0.03,10,1,0,reg:squaredlogerror,hist,True,575992.0538345638
1500,0.03,10,1,1,reg:squarederror,hist,True,68584.88395075443
1500,0.03,10,1,1,reg:pseudohubererror,hist,True,4689940556.248134
1500,0.03,10,1,1,reg:squaredlogerror,hist,True,575992.0538345638
1500,0.03,10,1,2,reg:squarederror,hist,True,65890.2877309565
1500,0.03,10,1,2,reg:pseudohubererror,hist,True,4689940556.248134
1500,0.03,10,1,2,reg:squaredlogerror,hist,True,575992.0538345638
1500,0.03,10,1,3,reg:squarederror,hist,True,66335.08935252173
1500,0.03,10,1,3,reg:pseudohubererror,hist,True,4689940556.248134
1500,0.03,10,1,3,reg:squaredlogerror,hist,True,575992.0538345638
1500,0.03,10,1,4,reg:squarederror,hist,True,67574.96798888383
1500,0.03,10,1,4,reg:pseudohubererror,hist,True,4689940556.248134
1500,0.03,10,1,4,reg:squaredlogerror,hist,True,575992.0538345638
1500,0.03,10,2,0,reg:squarederror,hist,True,76575.3541236059
1500,0.03,10,2,0,reg:pseudohubererror,hist,True,4689940556.248134
1500,0.03,10,2,0,reg:squaredlogerror,hist,True,575992.0538345638
1500,0.03,10,2,1,reg:squarederror,hist,True,69061.31875692907
1500,0.03,10,2,1,reg:pseudohubererror,hist,True,4689940556.248134
1500,0.03,10,2,1,reg:squaredlogerror,hist,True,575992.0538345638
1500,0.03,10,2,2,reg:squarederror,hist,True,65646.33151950178
1500,0.03,10,2,2,reg:pseudohubererror,hist,True,4689940556.248134
1500,0.03,10,2,2,reg:squaredlogerror,hist,True,575992.0538345638
1500,0.03,10,2,3,reg:squarederror,hist,True,66236.93690512897
1500,0.03,10,2,3,reg:pseudohubererror,hist,True,4689940556.248134
1500,0.03,10,2,3,reg:squaredlogerror,hist,True,575992.0538345638
1500,0.03,10,2,4,reg:squarederror,hist,True,67693.34437391591
1500,0.03,10,2,4,reg:pseudohubererror,hist,True,4689940556.248134
1500,0.03,10,2,4,reg:squaredlogerror,hist,True,575992.0538345638
1500,0.03,12,0,0,reg:squarederror,hist,True,85095.93079067221
1500,0.03,12,0,0,reg:pseudohubererror,hist,True,4689940556.248134
1500,0.03,12,0,0,reg:squaredlogerror,hist,True,575992.0538345638
1500,0.03,12,0,1,reg:squarederror,hist,True,71390.20539047178
1500,0.03,12,0,1,reg:pseudohubererror,hist,True,4689940556.248134
1500,0.03,12,0,1,reg:squaredlogerror,hist,True,575992.0538345638
1500,0.03,12,0,2,reg:squarederror,hist,True,70012.09748462422
1500,0.03,12,0,2,reg:pseudohubererror,hist,True,4689940556.248134
1500,0.03,12,0,2,reg:squaredlogerror,hist,True,575992.0538345638
1500,0.03,12,0,3,reg:squarederror,hist,True,69289.97247859808
1500,0.03,12,0,3,reg:pseudohubererror,hist,True,4689940556.248134
1500,0.03,12,0,3,reg:squaredlogerror,hist,True,575992.0538345638
1500,0.03,12,0,4,reg:squarederror,hist,True,68886.4679357716
1500,0.03,12,0,4,reg:pseudohubererror,hist,True,4689940556.248134
1500,0.03,12,0,4,reg:squaredlogerror,hist,True,575992.0538345638
1500,0.03,12,1,0,reg:squarederror,hist,True,85177.07127805383
1500,0.03,12,1,0,reg:pseudohubererror,hist,True,4689940556.248134
1500,0.03,12,1,0,reg:squaredlogerror,hist,True,575992.0538345638
1500,0.03,12,1,1,reg:squarederror,hist,True,71183.08055994238
1500,0.03,12,1,1,reg:pseudohubererror,hist,True,4689940556.248134
1500,0.03,12,1,1,reg:squaredlogerror,hist,True,575992.0538345638
1500,0.03,12,1,2,reg:squarederror,hist,True,69873.78236913047
1500,0.03,12,1,2,reg:pseudohubererror,hist,True,4689940556.248134
1500,0.03,12,1,2,reg:squaredlogerror,hist,True,575992.0538345638
1500,0.03,12,1,3,reg:squarederror,hist,True,68830.73100468998
1500,0.03,12,1,3,reg:pseudohubererror,hist,True,4689940556.248134
1500,0.03,12,1,3,reg:squaredlogerror,hist,True,575992.0538345638
1500,0.03,12,1,4,reg:squarederror,hist,True,68849.6681560827
1500,0.03,12,1,4,reg:pseudohubererror,hist,True,4689940556.248134
1500,0.03,12,1,4,reg:squaredlogerror,hist,True,575992.0538345638
1500,0.03,12,2,0,reg:squarederror,hist,True,85383.30126188156
1500,0.03,12,2,0,reg:pseudohubererror,hist,True,4689940556.248134
1500,0.03,12,2,0,reg:squaredlogerror,hist,True,575992.0538345638
1500,0.03,12,2,1,reg:squarederror,hist,True,71353.31343950039
1500,0.03,12,2,1,reg:pseudohubererror,hist,True,4689940556.248134
1500,0.03,12,2,1,reg:squaredlogerror,hist,True,575992.0538345638
1500,0.03,12,2,2,reg:squarederror,hist,True,69857.39622038769
1500,0.03,12,2,2,reg:pseudohubererror,hist,True,4689940556.248134
1500,0.03,12,2,2,reg:squaredlogerror,hist,True,575992.0538345638
1500,0.03,12,2,3,reg:squarederror,hist,True,69025.42304883582
1500,0.03,12,2,3,reg:pseudohubererror,hist,True,4689940556.248134
1500,0.03,12,2,3,reg:squaredlogerror,hist,True,575992.0538345638
1500,0.03,12,2,4,reg:squarederror,hist,True,68726.43688293743
1500,0.03,12,2,4,reg:pseudohubererror,hist,True,4689940556.248134
1500,0.03,12,2,4,reg:squaredlogerror,hist,True,575992.0538345638
1500,0.05,6,0,0,reg:squarederror,hist,True,64777.31627067751
1500,0.05,6,0,0,reg:pseudohubererror,hist,True,4689940556.248134
1500,0.05,6,0,0,reg:squaredlogerror,hist,True,575992.0538345638
1500,0.05,6,0,1,reg:squarederror,hist,True,62415.07777097777
1500,0.05,6,0,1,reg:pseudohubererror,hist,True,4689940556.248134
1500,0.05,6,0,1,reg:squaredlogerror,hist,True,575992.0538345638
1500,0.05,6,0,2,reg:squarederror,hist,True,62414.6854347581
1500,0.05,6,0,2,reg:pseudohubererror,hist,True,4689940556.248134
1500,0.05,6,0,2,reg:squaredlogerror,hist,True,575992.0538345638
1500,0.05,6,0,3,reg:squarederror,hist,True,61807.74466096441
1500,0.05,6,0,3,reg:pseudohubererror,hist,True,4689940556.248134
1500,0.05,6,0,3,reg:squaredlogerror,hist,True,575992.0538345638
1500,0.05,6,0,4,reg:squarederror,hist,True,61732.393671476
1500,0.05,6,0,4,reg:pseudohubererror,hist,True,4689940556.248134
1500,0.05,6,0,4,reg:squaredlogerror,hist,True,575992.0538345638
1500,0.05,6,1,0,reg:squarederror,hist,True,64461.41977709306
1500,0.05,6,1,0,reg:pseudohubererror,hist,True,4689940556.248134
1500,0.05,6,1,0,reg:squaredlogerror,hist,True,575992.0538345638
1500,0.05,6,1,1,reg:squarederror,hist,True,62366.68868174123
1500,0.05,6,1,1,reg:pseudohubererror,hist,True,4689940556.248134
1500,0.05,6,1,1,reg:squaredlogerror,hist,True,575992.0538345638
1500,0.05,6,1,2,reg:squarederror,hist,True,62216.460756165674
1500,0.05,6,1,2,reg:pseudohubererror,hist,True,4689940556.248134
1500,0.05,6,1,2,reg:squaredlogerror,hist,True,575992.0538345638
1500,0.05,6,1,3,reg:squarederror,hist,True,61542.84029862322
1500,0.05,6,1,3,reg:pseudohubererror,hist,True,4689940556.248134
1500,0.05,6,1,3,reg:squaredlogerror,hist,True,575992.0538345638
1500,0.05,6,1,4,reg:squarederror,hist,True,61637.73416992473
1500,0.05,6,1,4,reg:pseudohubererror,hist,True,4689940556.248134
1500,0.05,6,1,4,reg:squaredlogerror,hist,True,575992.0538345638
1500,0.05,6,2,0,reg:squarederror,hist,True,64426.946931641934
1500,0.05,6,2,0,reg:pseudohubererror,hist,True,4689940556.248134
1500,0.05,6,2,0,reg:squaredlogerror,hist,True,575992.0538345638
1500,0.05,6,2,1,reg:squarederror,hist,True,62250.55960130636
1500,0.05,6,2,1,reg:pseudohubererror,hist,True,4689940556.248134
1500,0.05,6,2,1,reg:squaredlogerror,hist,True,575992.0538345638
1500,0.05,6,2,2,reg:squarederror,hist,True,62590.71959388695
1500,0.05,6,2,2,reg:pseudohubererror,hist,True,4689940556.248134
1500,0.05,6,2,2,reg:squaredlogerror,hist,True,575992.0538345638
1500,0.05,6,2,3,reg:squarederror,hist,True,61641.69055209364
1500,0.05,6,2,3,reg:pseudohubererror,hist,True,4689940556.248134
1500,0.05,6,2,3,reg:squaredlogerror,hist,True,575992.0538345638
1500,0.05,6,2,4,reg:squarederror,hist,True,61668.37297244816
1500,0.05,6,2,4,reg:pseudohubererror,hist,True,4689940556.248134
1500,0.05,6,2,4,reg:squaredlogerror,hist,True,575992.0538345638
1500,0.05,8,0,0,reg:squarederror,hist,True,67700.8654487205
1500,0.05,8,0,0,reg:pseudohubererror,hist,True,4689940556.248134
1500,0.05,8,0,0,reg:squaredlogerror,hist,True,575992.0538345638
1500,0.05,8,0,1,reg:squarederror,hist,True,65274.935859115285
1500,0.05,8,0,1,reg:pseudohubererror,hist,True,4689940556.248134
1500,0.05,8,0,1,reg:squaredlogerror,hist,True,575992.0538345638
1500,0.05,8,0,2,reg:squarederror,hist,True,61802.43906096331
1500,0.05,8,0,2,reg:pseudohubererror,hist,True,4689940556.248134
1500,0.05,8,0,2,reg:squaredlogerror,hist,True,575992.0538345638
1500,0.05,8,0,3,reg:squarederror,hist,True,63187.2189724626
1500,0.05,8,0,3,reg:pseudohubererror,hist,True,4689940556.248134
1500,0.05,8,0,3,reg:squaredlogerror,hist,True,575992.0538345638
1500,0.05,8,0,4,reg:squarederror,hist,True,62947.39057012484
1500,0.05,8,0,4,reg:pseudohubererror,hist,True,4689940556.248134
1500,0.05,8,0,4,reg:squaredlogerror,hist,True,575992.0538345638
1500,0.05,8,1,0,reg:squarederror,hist,True,67583.23749975298
1500,0.05,8,1,0,reg:pseudohubererror,hist,True,4689940556.248134
1500,0.05,8,1,0,reg:squaredlogerror,hist,True,575992.0538345638
1500,0.05,8,1,1,reg:squarederror,hist,True,64997.05963609525
1500,0.05,8,1,1,reg:pseudohubererror,hist,True,4689940556.248134
1500,0.05,8,1,1,reg:squaredlogerror,hist,True,575992.0538345638
1500,0.05,8,1,2,reg:squarederror,hist,True,61532.139781952275
1500,0.05,8,1,2,reg:pseudohubererror,hist,True,4689940556.248134
1500,0.05,8,1,2,reg:squaredlogerror,hist,True,575992.0538345638
1500,0.05,8,1,3,reg:squarederror,hist,True,63292.59329471707
1500,0.05,8,1,3,reg:pseudohubererror,hist,True,4689940556.248134
1500,0.05,8,1,3,reg:squaredlogerror,hist,True,575992.0538345638
1500,0.05,8,1,4,reg:squarederror,hist,True,62620.932137496486
1500,0.05,8,1,4,reg:pseudohubererror,hist,True,4689940556.248134
1500,0.05,8,1,4,reg:squaredlogerror,hist,True,575992.0538345638
1500,0.05,8,2,0,reg:squarederror,hist,True,67392.85617807288
1500,0.05,8,2,0,reg:pseudohubererror,hist,True,4689940556.248134
1500,0.05,8,2,0,reg:squaredlogerror,hist,True,575992.0538345638
1500,0.05,8,2,1,reg:squarederror,hist,True,64808.47612119199
1500,0.05,8,2,1,reg:pseudohubererror,hist,True,4689940556.248134
1500,0.05,8,2,1,reg:squaredlogerror,hist,True,575992.0538345638
1500,0.05,8,2,2,reg:squarederror,hist,True,61548.56628783815
1500,0.05,8,2,2,reg:pseudohubererror,hist,True,4689940556.248134
1500,0.05,8,2,2,reg:squaredlogerror,hist,True,575992.0538345638
1500,0.05,8,2,3,reg:squarederror,hist,True,63314.43701849629
1500,0.05,8,2,3,reg:pseudohubererror,hist,True,4689940556.248134
1500,0.05,8,2,3,reg:squaredlogerror,hist,True,575992.0538345638
1500,0.05,8,2,4,reg:squarederror,hist,True,62648.80737432188
1500,0.05,8,2,4,reg:pseudohubererror,hist,True,4689940556.248134
1500,0.05,8,2,4,reg:squaredlogerror,hist,True,575992.0538345638
1500,0.05,10,0,0,reg:squarederror,hist,True,76780.26535786568
1500,0.05,10,0,0,reg:pseudohubererror,hist,True,4689940556.248134
1500,0.05,10,0,0,reg:squaredlogerror,hist,True,575992.0538345638
1500,0.05,10,0,1,reg:squarederror,hist,True,67811.48303490967
1500,0.05,10,0,1,reg:pseudohubererror,hist,True,4689940556.248134
1500,0.05,10,0,1,reg:squaredlogerror,hist,True,575992.0538345638
1500,0.05,10,0,2,reg:squarederror,hist,True,66543.43647058413
1500,0.05,10,0,2,reg:pseudohubererror,hist,True,4689940556.248134
1500,0.05,10,0,2,reg:squaredlogerror,hist,True,575992.0538345638
1500,0.05,10,0,3,reg:squarederror,hist,True,66280.44958661744
1500,0.05,10,0,3,reg:pseudohubererror,hist,True,4689940556.248134
1500,0.05,10,0,3,reg:squaredlogerror,hist,True,575992.0538345638
1500,0.05,10,0,4,reg:squarederror,hist,True,65995.32830054662
1500,0.05,10,0,4,reg:pseudohubererror,hist,True,4689940556.248134
1500,0.05,10,0,4,reg:squaredlogerror,hist,True,575992.0538345638
1500,0.05,10,1,0,reg:squarederror,hist,True,76699.7342821298
1500,0.05,10,1,0,reg:pseudohubererror,hist,True,4689940556.248134
1500,0.05,10,1,0,reg:squaredlogerror,hist,True,575992.0538345638
1500,0.05,10,1,1,reg:squarederror,hist,True,68200.18591633589
1500,0.05,10,1,1,reg:pseudohubererror,hist,True,4689940556.248134
1500,0.05,10,1,1,reg:squaredlogerror,hist,True,575992.0538345638
1500,0.05,10,1,2,reg:squarederror,hist,True,66546.02570568881
1500,0.05,10,1,2,reg:pseudohubererror,hist,True,4689940556.248134
1500,0.05,10,1,2,reg:squaredlogerror,hist,True,575992.0538345638
1500,0.05,10,1,3,reg:squarederror,hist,True,66640.5942265199
1500,0.05,10,1,3,reg:pseudohubererror,hist,True,4689940556.248134
1500,0.05,10,1,3,reg:squaredlogerror,hist,True,575992.0538345638
1500,0.05,10,1,4,reg:squarederror,hist,True,65792.84011172605
1500,0.05,10,1,4,reg:pseudohubererror,hist,True,4689940556.248134
1500,0.05,10,1,4,reg:squaredlogerror,hist,True,575992.0538345638
1500,0.05,10,2,0,reg:squarederror,hist,True,76535.3405170532
1500,0.05,10,2,0,reg:pseudohubererror,hist,True,4689940556.248134
1500,0.05,10,2,0,reg:squaredlogerror,hist,True,575992.0538345638
1500,0.05,10,2,1,reg:squarederror,hist,True,67144.10691022924
1500,0.05,10,2,1,reg:pseudohubererror,hist,True,4689940556.248134
1500,0.05,10,2,1,reg:squaredlogerror,hist,True,575992.0538345638
1500,0.05,10,2,2,reg:squarederror,hist,True,66552.1130382768
1500,0.05,10,2,2,reg:pseudohubererror,hist,True,4689940556.248134
1500,0.05,10,2,2,reg:squaredlogerror,hist,True,575992.0538345638
1500,0.05,10,2,3,reg:squarederror,hist,True,67207.28037808275
1500,0.05,10,2,3,reg:pseudohubererror,hist,True,4689940556.248134
1500,0.05,10,2,3,reg:squaredlogerror,hist,True,575992.0538345638
1500,0.05,10,2,4,reg:squarederror,hist,True,66120.33203216839
1500,0.05,10,2,4,reg:pseudohubererror,hist,True,4689940556.248134
1500,0.05,10,2,4,reg:squaredlogerror,hist,True,575992.0538345638
1500,0.05,12,0,0,reg:squarederror,hist,True,85175.32808289691
1500,0.05,12,0,0,reg:pseudohubererror,hist,True,4689940556.248134
1500,0.05,12,0,0,reg:squaredlogerror,hist,True,575992.0538345638
1500,0.05,12,0,1,reg:squarederror,hist,True,71723.32345643605
1500,0.05,12,0,1,reg:pseudohubererror,hist,True,4689940556.248134
1500,0.05,12,0,1,reg:squaredlogerror,hist,True,575992.0538345638
1500,0.05,12,0,2,reg:squarederror,hist,True,68514.82443437098
1500,0.05,12,0,2,reg:pseudohubererror,hist,True,4689940556.248134
1500,0.05,12,0,2,reg:squaredlogerror,hist,True,575992.0538345638
1500,0.05,12,0,3,reg:squarederror,hist,True,68608.44249769625
1500,0.05,12,0,3,reg:pseudohubererror,hist,True,4689940556.248134
1500,0.05,12,0,3,reg:squaredlogerror,hist,True,575992.0538345638
1500,0.05,12,0,4,reg:squarederror,hist,True,67975.10053260205
1500,0.05,12,0,4,reg:pseudohubererror,hist,True,4689940556.248134
1500,0.05,12,0,4,reg:squaredlogerror,hist,True,575992.0538345638
1500,0.05,12,1,0,reg:squarederror,hist,True,85141.84295476858
1500,0.05,12,1,0,reg:pseudohubererror,hist,True,4689940556.248134
1500,0.05,12,1,0,reg:squaredlogerror,hist,True,575992.0538345638
1500,0.05,12,1,1,reg:squarederror,hist,True,71521.56770484708
1500,0.05,12,1,1,reg:pseudohubererror,hist,True,4689940556.248134
1500,0.05,12,1,1,reg:squaredlogerror,hist,True,575992.0538345638
1500,0.05,12,1,2,reg:squarederror,hist,True,68566.51151520944
1500,0.05,12,1,2,reg:pseudohubererror,hist,True,4689940556.248134
1500,0.05,12,1,2,reg:squaredlogerror,hist,True,575992.0538345638
1500,0.05,12,1,3,reg:squarederror,hist,True,68700.3970469283
1500,0.05,12,1,3,reg:pseudohubererror,hist,True,4689940556.248134
1500,0.05,12,1,3,reg:squaredlogerror,hist,True,575992.0538345638
1500,0.05,12,1,4,reg:squarederror,hist,True,67889.49567784136
1500,0.05,12,1,4,reg:pseudohubererror,hist,True,4689940556.248134
1500,0.05,12,1,4,reg:squaredlogerror,hist,True,575992.0538345638
1500,0.05,12,2,0,reg:squarederror,hist,True,85114.32661025431
1500,0.05,12,2,0,reg:pseudohubererror,hist,True,4689940556.248134
1500,0.05,12,2,0,reg:squaredlogerror,hist,True,575992.0538345638
1500,0.05,12,2,1,reg:squarederror,hist,True,71718.115850812
1500,0.05,12,2,1,reg:pseudohubererror,hist,True,4689940556.248134
1500,0.05,12,2,1,reg:squaredlogerror,hist,True,575992.0538345638
1500,0.05,12,2,2,reg:squarederror,hist,True,68523.08529283022
1500,0.05,12,2,2,reg:pseudohubererror,hist,True,4689940556.248134
1500,0.05,12,2,2,reg:squaredlogerror,hist,True,575992.0538345638
1500,0.05,12,2,3,reg:squarederror,hist,True,68546.72325219167
1500,0.05,12,2,3,reg:pseudohubererror,hist,True,4689940556.248134
1500,0.05,12,2,3,reg:squaredlogerror,hist,True,575992.0538345638
1500,0.05,12,2,4,reg:squarederror,hist,True,67705.63404948011
1500,0.05,12,2,4,reg:pseudohubererror,hist,True,4689940556.248134
1500,0.05,12,2,4,reg:squaredlogerror,hist,True,575992.0538345638
1500,0.07,6,0,0,reg:squarederror,hist,True,64966.36368672939
1500,0.07,6,0,0,reg:pseudohubererror,hist,True,4689940556.248134
1500,0.07,6,0,0,reg:squaredlogerror,hist,True,575992.0538345638
1500,0.07,6,0,1,reg:squarederror,hist,True,63439.01383877963
1500,0.07,6,0,1,reg:pseudohubererror,hist,True,4689940556.248134
1500,0.07,6,0,1,reg:squaredlogerror,hist,True,575992.0538345638
1500,0.07,6,0,2,reg:squarederror,hist,True,62106.27400339924
1500,0.07,6,0,2,reg:pseudohubererror,hist,True,4689940556.248134
1500,0.07,6,0,2,reg:squaredlogerror,hist,True,575992.0538345638
1500,0.07,6,0,3,reg:squarederror,hist,True,62182.1926853207
1500,0.07,6,0,3,reg:pseudohubererror,hist,True,4689940556.248134
1500,0.07,6,0,3,reg:squaredlogerror,hist,True,575992.0538345638
1500,0.07,6,0,4,reg:squarederror,hist,True,63029.216067638445
1500,0.07,6,0,4,reg:pseudohubererror,hist,True,4689940556.248134
1500,0.07,6,0,4,reg:squaredlogerror,hist,True,575992.0538345638
1500,0.07,6,1,0,reg:squarederror,hist,True,65079.98787927681
1500,0.07,6,1,0,reg:pseudohubererror,hist,True,4689940556.248134
1500,0.07,6,1,0,reg:squaredlogerror,hist,True,575992.0538345638
1500,0.07,6,1,1,reg:squarederror,hist,True,63376.037342530835
1500,0.07,6,1,1,reg:pseudohubererror,hist,True,4689940556.248134
1500,0.07,6,1,1,reg:squaredlogerror,hist,True,575992.0538345638
1500,0.07,6,1,2,reg:squarederror,hist,True,62761.9134066671
1500,0.07,6,1,2,reg:pseudohubererror,hist,True,4689940556.248134
1500,0.07,6,1,2,reg:squaredlogerror,hist,True,575992.0538345638
1500,0.07,6,1,3,reg:squarederror,hist,True,62236.832351392004
1500,0.07,6,1,3,reg:pseudohubererror,hist,True,4689940556.248134
1500,0.07,6,1,3,reg:squaredlogerror,hist,True,575992.0538345638
1500,0.07,6,1,4,reg:squarederror,hist,True,63058.18239102609
1500,0.07,6,1,4,reg:pseudohubererror,hist,True,4689940556.248134
1500,0.07,6,1,4,reg:squaredlogerror,hist,True,575992.0538345638
1500,0.07,6,2,0,reg:squarederror,hist,True,64849.70869299105
1500,0.07,6,2,0,reg:pseudohubererror,hist,True,4689940556.248134
1500,0.07,6,2,0,reg:squaredlogerror,hist,True,575992.0538345638
1500,0.07,6,2,1,reg:squarederror,hist,True,62905.76100101066
1500,0.07,6,2,1,reg:pseudohubererror,hist,True,4689940556.248134
1500,0.07,6,2,1,reg:squaredlogerror,hist,True,575992.0538345638
1500,0.07,6,2,2,reg:squarederror,hist,True,62787.80720392659
1500,0.07,6,2,2,reg:pseudohubererror,hist,True,4689940556.248134
1500,0.07,6,2,2,reg:squaredlogerror,hist,True,575992.0538345638
1500,0.07,6,2,3,reg:squarederror,hist,True,61895.39117445912
1500,0.07,6,2,3,reg:pseudohubererror,hist,True,4689940556.248134
1500,0.07,6,2,3,reg:squaredlogerror,hist,True,575992.0538345638
1500,0.07,6,2,4,reg:squarederror,hist,True,62913.623031892974
1500,0.07,6,2,4,reg:pseudohubererror,hist,True,4689940556.248134
1500,0.07,6,2,4,reg:squaredlogerror,hist,True,575992.0538345638
1500,0.07,8,0,0,reg:squarederror,hist,True,68235.94558777945
1500,0.07,8,0,0,reg:pseudohubererror,hist,True,4689940556.248134
1500,0.07,8,0,0,reg:squaredlogerror,hist,True,575992.0538345638
1500,0.07,8,0,1,reg:squarederror,hist,True,64693.873714809546
1500,0.07,8,0,1,reg:pseudohubererror,hist,True,4689940556.248134
1500,0.07,8,0,1,reg:squaredlogerror,hist,True,575992.0538345638
1500,0.07,8,0,2,reg:squarederror,hist,True,62042.92698181567
1500,0.07,8,0,2,reg:pseudohubererror,hist,True,4689940556.248134
1500,0.07,8,0,2,reg:squaredlogerror,hist,True,575992.0538345638
1500,0.07,8,0,3,reg:squarederror,hist,True,63050.59046749958
1500,0.07,8,0,3,reg:pseudohubererror,hist,True,4689940556.248134
1500,0.07,8,0,3,reg:squaredlogerror,hist,True,575992.0538345638
1500,0.07,8,0,4,reg:squarederror,hist,True,63336.85824100339
1500,0.07,8,0,4,reg:pseudohubererror,hist,True,4689940556.248134
1500,0.07,8,0,4,reg:squaredlogerror,hist,True,575992.0538345638
1500,0.07,8,1,0,reg:squarederror,hist,True,67546.21255186437
1500,0.07,8,1,0,reg:pseudohubererror,hist,True,4689940556.248134
1500,0.07,8,1,0,reg:squaredlogerror,hist,True,575992.0538345638
1500,0.07,8,1,1,reg:squarederror,hist,True,64694.26652299479
1500,0.07,8,1,1,reg:pseudohubererror,hist,True,4689940556.248134
1500,0.07,8,1,1,reg:squaredlogerror,hist,True,575992.0538345638
1500,0.07,8,1,2,reg:squarederror,hist,True,61947.61799157896
1500,0.07,8,1,2,reg:pseudohubererror,hist,True,4689940556.248134
1500,0.07,8,1,2,reg:squaredlogerror,hist,True,575992.0538345638
1500,0.07,8,1,3,reg:squarederror,hist,True,63066.79061548599
1500,0.07,8,1,3,reg:pseudohubererror,hist,True,4689940556.248134
1500,0.07,8,1,3,reg:squaredlogerror,hist,True,575992.0538345638
1500,0.07,8,1,4,reg:squarederror,hist,True,63584.12028407522
1500,0.07,8,1,4,reg:pseudohubererror,hist,True,4689940556.248134
1500,0.07,8,1,4,reg:squaredlogerror,hist,True,575992.0538345638
1500,0.07,8,2,0,reg:squarederror,hist,True,68002.38477384947
1500,0.07,8,2,0,reg:pseudohubererror,hist,True,4689940556.248134
1500,0.07,8,2,0,reg:squaredlogerror,hist,True,575992.0538345638
1500,0.07,8,2,1,reg:squarederror,hist,True,64803.254495581125
1500,0.07,8,2,1,reg:pseudohubererror,hist,True,4689940556.248134
1500,0.07,8,2,1,reg:squaredlogerror,hist,True,575992.0538345638
1500,0.07,8,2,2,reg:squarederror,hist,True,62296.10435150103
1500,0.07,8,2,2,reg:pseudohubererror,hist,True,4689940556.248134
1500,0.07,8,2,2,reg:squaredlogerror,hist,True,575992.0538345638
1500,0.07,8,2,3,reg:squarederror,hist,True,63353.931504215965
1500,0.07,8,2,3,reg:pseudohubererror,hist,True,4689940556.248134
1500,0.07,8,2,3,reg:squaredlogerror,hist,True,575992.0538345638
1500,0.07,8,2,4,reg:squarederror,hist,True,63623.5678922473
1500,0.07,8,2,4,reg:pseudohubererror,hist,True,4689940556.248134
1500,0.07,8,2,4,reg:squaredlogerror,hist,True,575992.0538345638
1500,0.07,10,0,0,reg:squarederror,hist,True,76056.363915439
1500,0.07,10,0,0,reg:pseudohubererror,hist,True,4689940556.248134
1500,0.07,10,0,0,reg:squaredlogerror,hist,True,575992.0538345638
1500,0.07,10,0,1,reg:squarederror,hist,True,67180.50785451576
1500,0.07,10,0,1,reg:pseudohubererror,hist,True,4689940556.248134
1500,0.07,10,0,1,reg:squaredlogerror,hist,True,575992.0538345638
1500,0.07,10,0,2,reg:squarederror,hist,True,67223.17322207802
1500,0.07,10,0,2,reg:pseudohubererror,hist,True,4689940556.248134
1500,0.07,10,0,2,reg:squaredlogerror,hist,True,575992.0538345638
1500,0.07,10,0,3,reg:squarederror,hist,True,67332.21535255476
1500,0.07,10,0,3,reg:pseudohubererror,hist,True,4689940556.248134
1500,0.07,10,0,3,reg:squaredlogerror,hist,True,575992.0538345638
1500,0.07,10,0,4,reg:squarederror,hist,True,66180.7653170498
1500,0.07,10,0,4,reg:pseudohubererror,hist,True,4689940556.248134
1500,0.07,10,0,4,reg:squaredlogerror,hist,True,575992.0538345638
1500,0.07,10,1,0,reg:squarederror,hist,True,76803.02293197766
1500,0.07,10,1,0,reg:pseudohubererror,hist,True,4689940556.248134
1500,0.07,10,1,0,reg:squaredlogerror,hist,True,575992.0538345638
1500,0.07,10,1,1,reg:squarederror,hist,True,66913.19393276844
1500,0.07,10,1,1,reg:pseudohubererror,hist,True,4689940556.248134
1500,0.07,10,1,1,reg:squaredlogerror,hist,True,575992.0538345638
1500,0.07,10,1,2,reg:squarederror,hist,True,67367.86331494007
1500,0.07,10,1,2,reg:pseudohubererror,hist,True,4689940556.248134
1500,0.07,10,1,2,reg:squaredlogerror,hist,True,575992.0538345638
1500,0.07,10,1,3,reg:squarederror,hist,True,67254.6396252884
1500,0.07,10,1,3,reg:pseudohubererror,hist,True,4689940556.248134
1500,0.07,10,1,3,reg:squaredlogerror,hist,True,575992.0538345638
1500,0.07,10,1,4,reg:squarederror,hist,True,66213.97858063203
1500,0.07,10,1,4,reg:pseudohubererror,hist,True,4689940556.248134
1500,0.07,10,1,4,reg:squaredlogerror,hist,True,575992.0538345638
1500,0.07,10,2,0,reg:squarederror,hist,True,76782.70228277531
1500,0.07,10,2,0,reg:pseudohubererror,hist,True,4689940556.248134
1500,0.07,10,2,0,reg:squaredlogerror,hist,True,575992.0538345638
1500,0.07,10,2,1,reg:squarederror,hist,True,66520.75996534983
1500,0.07,10,2,1,reg:pseudohubererror,hist,True,4689940556.248134
1500,0.07,10,2,1,reg:squaredlogerror,hist,True,575992.0538345638
1500,0.07,10,2,2,reg:squarederror,hist,True,67379.78596327045
1500,0.07,10,2,2,reg:pseudohubererror,hist,True,4689940556.248134
1500,0.07,10,2,2,reg:squaredlogerror,hist,True,575992.0538345638
1500,0.07,10,2,3,reg:squarederror,hist,True,67407.33338112358
1500,0.07,10,2,3,reg:pseudohubererror,hist,True,4689940556.248134
1500,0.07,10,2,3,reg:squaredlogerror,hist,True,575992.0538345638
1500,0.07,10,2,4,reg:squarederror,hist,True,66332.94920894725
1500,0.07,10,2,4,reg:pseudohubererror,hist,True,4689940556.248134
1500,0.07,10,2,4,reg:squaredlogerror,hist,True,575992.0538345638
1500,0.07,12,0,0,reg:squarederror,hist,True,85338.30789613014
1500,0.07,12,0,0,reg:pseudohubererror,hist,True,4689940556.248134
1500,0.07,12,0,0,reg:squaredlogerror,hist,True,575992.0538345638
1500,0.07,12,0,1,reg:squarederror,hist,True,70306.78939699767
1500,0.07,12,0,1,reg:pseudohubererror,hist,True,4689940556.248134
1500,0.07,12,0,1,reg:squaredlogerror,hist,True,575992.0538345638
1500,0.07,12,0,2,reg:squarederror,hist,True,70016.96009425941
1500,0.07,12,0,2,reg:pseudohubererror,hist,True,4689940556.248134
1500,0.07,12,0,2,reg:squaredlogerror,hist,True,575992.0538345638
1500,0.07,12,0,3,reg:squarederror,hist,True,68785.8597237912
1500,0.07,12,0,3,reg:pseudohubererror,hist,True,4689940556.248134
1500,0.07,12,0,3,reg:squaredlogerror,hist,True,575992.0538345638
1500,0.07,12,0,4,reg:squarederror,hist,True,68041.332200806
1500,0.07,12,0,4,reg:pseudohubererror,hist,True,4689940556.248134
1500,0.07,12,0,4,reg:squaredlogerror,hist,True,575992.0538345638
1500,0.07,12,1,0,reg:squarederror,hist,True,84960.4210435816
1500,0.07,12,1,0,reg:pseudohubererror,hist,True,4689940556.248134
1500,0.07,12,1,0,reg:squaredlogerror,hist,True,575992.0538345638
1500,0.07,12,1,1,reg:squarederror,hist,True,70156.44899646791
1500,0.07,12,1,1,reg:pseudohubererror,hist,True,4689940556.248134
1500,0.07,12,1,1,reg:squaredlogerror,hist,True,575992.0538345638
1500,0.07,12,1,2,reg:squarederror,hist,True,70031.42592182607
1500,0.07,12,1,2,reg:pseudohubererror,hist,True,4689940556.248134
1500,0.07,12,1,2,reg:squaredlogerror,hist,True,575992.0538345638
1500,0.07,12,1,3,reg:squarederror,hist,True,68885.32078805505
1500,0.07,12,1,3,reg:pseudohubererror,hist,True,4689940556.248134
1500,0.07,12,1,3,reg:squaredlogerror,hist,True,575992.0538345638
1500,0.07,12,1,4,reg:squarederror,hist,True,68017.97771540131
1500,0.07,12,1,4,reg:pseudohubererror,hist,True,4689940556.248134
1500,0.07,12,1,4,reg:squaredlogerror,hist,True,575992.0538345638
1500,0.07,12,2,0,reg:squarederror,hist,True,84609.68351568982
1500,0.07,12,2,0,reg:pseudohubererror,hist,True,4689940556.248134
1500,0.07,12,2,0,reg:squaredlogerror,hist,True,575992.0538345638
1500,0.07,12,2,1,reg:squarederror,hist,True,70253.1015609481
1500,0.07,12,2,1,reg:pseudohubererror,hist,True,4689940556.248134
1500,0.07,12,2,1,reg:squaredlogerror,hist,True,575992.0538345638
1500,0.07,12,2,2,reg:squarederror,hist,True,70075.95269332398
1500,0.07,12,2,2,reg:pseudohubererror,hist,True,4689940556.248134
1500,0.07,12,2,2,reg:squaredlogerror,hist,True,575992.0538345638
1500,0.07,12,2,3,reg:squarederror,hist,True,68722.27423748138
1500,0.07,12,2,3,reg:pseudohubererror,hist,True,4689940556.248134
1500,0.07,12,2,3,reg:squaredlogerror,hist,True,575992.0538345638
1500,0.07,12,2,4,reg:squarederror,hist,True,68271.16331234261
1500,0.07,12,2,4,reg:pseudohubererror,hist,True,4689940556.248134
1500,0.07,12,2,4,reg:squaredlogerror,hist,True,575992.0538345638
1500,0.09,6,0,0,reg:squarederror,hist,True,62913.378634664514
1500,0.09,6,0,0,reg:pseudohubererror,hist,True,4689940556.248134
1500,0.09,6,0,0,reg:squaredlogerror,hist,True,575992.0538345638
1500,0.09,6,0,1,reg:squarederror,hist,True,62227.06879313906
1500,0.09,6,0,1,reg:pseudohubererror,hist,True,4689940556.248134
1500,0.09,6,0,1,reg:squaredlogerror,hist,True,575992.0538345638
1500,0.09,6,0,2,reg:squarederror,hist,True,62542.8313103698
1500,0.09,6,0,2,reg:pseudohubererror,hist,True,4689940556.248134
1500,0.09,6,0,2,reg:squaredlogerror,hist,True,575992.0538345638
1500,0.09,6,0,3,reg:squarederror,hist,True,63177.081090606756
1500,0.09,6,0,3,reg:pseudohubererror,hist,True,4689940556.248134
1500,0.09,6,0,3,reg:squaredlogerror,hist,True,575992.0538345638
1500,0.09,6,0,4,reg:squarederror,hist,True,62551.58551991253
1500,0.09,6,0,4,reg:pseudohubererror,hist,True,4689940556.248134
1500,0.09,6,0,4,reg:squaredlogerror,hist,True,575992.0538345638
1500,0.09,6,1,0,reg:squarederror,hist,True,62960.548800221484
1500,0.09,6,1,0,reg:pseudohubererror,hist,True,4689940556.248134
1500,0.09,6,1,0,reg:squaredlogerror,hist,True,575992.0538345638
1500,0.09,6,1,1,reg:squarederror,hist,True,62513.40172814839
1500,0.09,6,1,1,reg:pseudohubererror,hist,True,4689940556.248134
1500,0.09,6,1,1,reg:squaredlogerror,hist,True,575992.0538345638
1500,0.09,6,1,2,reg:squarederror,hist,True,63484.292243880256
1500,0.09,6,1,2,reg:pseudohubererror,hist,True,4689940556.248134
1500,0.09,6,1,2,reg:squaredlogerror,hist,True,575992.0538345638
1500,0.09,6,1,3,reg:squarederror,hist,True,63235.15747611974
1500,0.09,6,1,3,reg:pseudohubererror,hist,True,4689940556.248134
1500,0.09,6,1,3,reg:squaredlogerror,hist,True,575992.0538345638
1500,0.09,6,1,4,reg:squarederror,hist,True,62669.359142970825
1500,0.09,6,1,4,reg:pseudohubererror,hist,True,4689940556.248134
1500,0.09,6,1,4,reg:squaredlogerror,hist,True,575992.0538345638
1500,0.09,6,2,0,reg:squarederror,hist,True,63589.258011979946
1500,0.09,6,2,0,reg:pseudohubererror,hist,True,4689940556.248134
1500,0.09,6,2,0,reg:squaredlogerror,hist,True,575992.0538345638
1500,0.09,6,2,1,reg:squarederror,hist,True,62585.59656000568
1500,0.09,6,2,1,reg:pseudohubererror,hist,True,4689940556.248134
1500,0.09,6,2,1,reg:squaredlogerror,hist,True,575992.0538345638
1500,0.09,6,2,2,reg:squarederror,hist,True,63507.27157091872
1500,0.09,6,2,2,reg:pseudohubererror,hist,True,4689940556.248134
1500,0.09,6,2,2,reg:squaredlogerror,hist,True,575992.0538345638
1500,0.09,6,2,3,reg:squarederror,hist,True,63234.38594577743
1500,0.09,6,2,3,reg:pseudohubererror,hist,True,4689940556.248134
1500,0.09,6,2,3,reg:squaredlogerror,hist,True,575992.0538345638
1500,0.09,6,2,4,reg:squarederror,hist,True,62744.32369632722
1500,0.09,6,2,4,reg:pseudohubererror,hist,True,4689940556.248134
1500,0.09,6,2,4,reg:squaredlogerror,hist,True,575992.0538345638
1500,0.09,8,0,0,reg:squarederror,hist,True,68330.66122984968
1500,0.09,8,0,0,reg:pseudohubererror,hist,True,4689940556.248134
1500,0.09,8,0,0,reg:squaredlogerror,hist,True,575992.0538345638
1500,0.09,8,0,1,reg:squarederror,hist,True,64546.353610091006
1500,0.09,8,0,1,reg:pseudohubererror,hist,True,4689940556.248134
1500,0.09,8,0,1,reg:squaredlogerror,hist,True,575992.0538345638
1500,0.09,8,0,2,reg:squarederror,hist,True,62002.59271028613
1500,0.09,8,0,2,reg:pseudohubererror,hist,True,4689940556.248134
1500,0.09,8,0,2,reg:squaredlogerror,hist,True,575992.0538345638
1500,0.09,8,0,3,reg:squarederror,hist,True,63889.28953821008
1500,0.09,8,0,3,reg:pseudohubererror,hist,True,4689940556.248134
1500,0.09,8,0,3,reg:squaredlogerror,hist,True,575992.0538345638
1500,0.09,8,0,4,reg:squarederror,hist,True,64509.11933014656
1500,0.09,8,0,4,reg:pseudohubererror,hist,True,4689940556.248134
1500,0.09,8,0,4,reg:squaredlogerror,hist,True,575992.0538345638
1500,0.09,8,1,0,reg:squarederror,hist,True,68273.31896046894
1500,0.09,8,1,0,reg:pseudohubererror,hist,True,4689940556.248134
1500,0.09,8,1,0,reg:squaredlogerror,hist,True,575992.0538345638
1500,0.09,8,1,1,reg:squarederror,hist,True,64360.72814877519
1500,0.09,8,1,1,reg:pseudohubererror,hist,True,4689940556.248134
1500,0.09,8,1,1,reg:squaredlogerror,hist,True,575992.0538345638
1500,0.09,8,1,2,reg:squarederror,hist,True,62628.84990901212
1500,0.09,8,1,2,reg:pseudohubererror,hist,True,4689940556.248134
1500,0.09,8,1,2,reg:squaredlogerror,hist,True,575992.0538345638
1500,0.09,8,1,3,reg:squarederror,hist,True,63908.16692287843
1500,0.09,8,1,3,reg:pseudohubererror,hist,True,4689940556.248134
1500,0.09,8,1,3,reg:squaredlogerror,hist,True,575992.0538345638
1500,0.09,8,1,4,reg:squarederror,hist,True,64572.93097181228
1500,0.09,8,1,4,reg:pseudohubererror,hist,True,4689940556.248134
1500,0.09,8,1,4,reg:squaredlogerror,hist,True,575992.0538345638
1500,0.09,8,2,0,reg:squarederror,hist,True,68361.44563084187
1500,0.09,8,2,0,reg:pseudohubererror,hist,True,4689940556.248134
1500,0.09,8,2,0,reg:squaredlogerror,hist,True,575992.0538345638
1500,0.09,8,2,1,reg:squarederror,hist,True,64257.32500366111
1500,0.09,8,2,1,reg:pseudohubererror,hist,True,4689940556.248134
1500,0.09,8,2,1,reg:squaredlogerror,hist,True,575992.0538345638
1500,0.09,8,2,2,reg:squarederror,hist,True,62533.6132816543
1500,0.09,8,2,2,reg:pseudohubererror,hist,True,4689940556.248134
1500,0.09,8,2,2,reg:squaredlogerror,hist,True,575992.0538345638
1500,0.09,8,2,3,reg:squarederror,hist,True,64043.094494896104
1500,0.09,8,2,3,reg:pseudohubererror,hist,True,4689940556.248134
1500,0.09,8,2,3,reg:squaredlogerror,hist,True,575992.0538345638
1500,0.09,8,2,4,reg:squarederror,hist,True,64506.100701530435
1500,0.09,8,2,4,reg:pseudohubererror,hist,True,4689940556.248134
1500,0.09,8,2,4,reg:squaredlogerror,hist,True,575992.0538345638
1500,0.09,10,0,0,reg:squarederror,hist,True,76828.81944465099
1500,0.09,10,0,0,reg:pseudohubererror,hist,True,4689940556.248134
1500,0.09,10,0,0,reg:squaredlogerror,hist,True,575992.0538345638
1500,0.09,10,0,1,reg:squarederror,hist,True,66529.14288429973
1500,0.09,10,0,1,reg:pseudohubererror,hist,True,4689940556.248134
1500,0.09,10,0,1,reg:squaredlogerror,hist,True,575992.0538345638
1500,0.09,10,0,2,reg:squarederror,hist,True,66716.68848695346
1500,0.09,10,0,2,reg:pseudohubererror,hist,True,4689940556.248134
1500,0.09,10,0,2,reg:squaredlogerror,hist,True,575992.0538345638
1500,0.09,10,0,3,reg:squarederror,hist,True,66229.34806481868
1500,0.09,10,0,3,reg:pseudohubererror,hist,True,4689940556.248134
1500,0.09,10,0,3,reg:squaredlogerror,hist,True,575992.0538345638
1500,0.09,10,0,4,reg:squarederror,hist,True,65758.37210412716
1500,0.09,10,0,4,reg:pseudohubererror,hist,True,4689940556.248134
1500,0.09,10,0,4,reg:squaredlogerror,hist,True,575992.0538345638
1500,0.09,10,1,0,reg:squarederror,hist,True,76491.29888056077
1500,0.09,10,1,0,reg:pseudohubererror,hist,True,4689940556.248134
1500,0.09,10,1,0,reg:squaredlogerror,hist,True,575992.0538345638
1500,0.09,10,1,1,reg:squarederror,hist,True,66654.05315963228
1500,0.09,10,1,1,reg:pseudohubererror,hist,True,4689940556.248134
1500,0.09,10,1,1,reg:squaredlogerror,hist,True,575992.0538345638
1500,0.09,10,1,2,reg:squarederror,hist,True,66830.74428750678
1500,0.09,10,1,2,reg:pseudohubererror,hist,True,4689940556.248134
1500,0.09,10,1,2,reg:squaredlogerror,hist,True,575992.0538345638
1500,0.09,10,1,3,reg:squarederror,hist,True,66414.17961983291
1500,0.09,10,1,3,reg:pseudohubererror,hist,True,4689940556.248134
1500,0.09,10,1,3,reg:squaredlogerror,hist,True,575992.0538345638
1500,0.09,10,1,4,reg:squarederror,hist,True,65728.36142483278
1500,0.09,10,1,4,reg:pseudohubererror,hist,True,4689940556.248134
1500,0.09,10,1,4,reg:squaredlogerror,hist,True,575992.0538345638
1500,0.09,10,2,0,reg:squarederror,hist,True,76942.37948818206
1500,0.09,10,2,0,reg:pseudohubererror,hist,True,4689940556.248134
1500,0.09,10,2,0,reg:squaredlogerror,hist,True,575992.0538345638
1500,0.09,10,2,1,reg:squarederror,hist,True,66441.38161757754
1500,0.09,10,2,1,reg:pseudohubererror,hist,True,4689940556.248134
1500,0.09,10,2,1,reg:squaredlogerror,hist,True,575992.0538345638
1500,0.09,10,2,2,reg:squarederror,hist,True,66767.32768228067
1500,0.09,10,2,2,reg:pseudohubererror,hist,True,4689940556.248134
1500,0.09,10,2,2,reg:squaredlogerror,hist,True,575992.0538345638
1500,0.09,10,2,3,reg:squarederror,hist,True,66338.13100725612
1500,0.09,10,2,3,reg:pseudohubererror,hist,True,4689940556.248134
1500,0.09,10,2,3,reg:squaredlogerror,hist,True,575992.0538345638
1500,0.09,10,2,4,reg:squarederror,hist,True,65664.69612064697
1500,0.09,10,2,4,reg:pseudohubererror,hist,True,4689940556.248134
1500,0.09,10,2,4,reg:squaredlogerror,hist,True,575992.0538345638
1500,0.09,12,0,0,reg:squarederror,hist,True,84940.44763980975
1500,0.09,12,0,0,reg:pseudohubererror,hist,True,4689940556.248134
1500,0.09,12,0,0,reg:squaredlogerror,hist,True,575992.0538345638
1500,0.09,12,0,1,reg:squarederror,hist,True,70855.76602842021
1500,0.09,12,0,1,reg:pseudohubererror,hist,True,4689940556.248134
1500,0.09,12,0,1,reg:squaredlogerror,hist,True,575992.0538345638
1500,0.09,12,0,2,reg:squarederror,hist,True,68893.6929123735
1500,0.09,12,0,2,reg:pseudohubererror,hist,True,4689940556.248134
1500,0.09,12,0,2,reg:squaredlogerror,hist,True,575992.0538345638
1500,0.09,12,0,3,reg:squarederror,hist,True,68641.44471120188
1500,0.09,12,0,3,reg:pseudohubererror,hist,True,4689940556.248134
1500,0.09,12,0,3,reg:squaredlogerror,hist,True,575992.0538345638
1500,0.09,12,0,4,reg:squarederror,hist,True,68528.85697664486
1500,0.09,12,0,4,reg:pseudohubererror,hist,True,4689940556.248134
1500,0.09,12,0,4,reg:squaredlogerror,hist,True,575992.0538345638
1500,0.09,12,1,0,reg:squarederror,hist,True,85333.95307474482
1500,0.09,12,1,0,reg:pseudohubererror,hist,True,4689940556.248134
1500,0.09,12,1,0,reg:squaredlogerror,hist,True,575992.0538345638
1500,0.09,12,1,1,reg:squarederror,hist,True,71019.65367188596
1500,0.09,12,1,1,reg:pseudohubererror,hist,True,4689940556.248134
1500,0.09,12,1,1,reg:squaredlogerror,hist,True,575992.0538345638
1500,0.09,12,1,2,reg:squarederror,hist,True,68851.52375578819
1500,0.09,12,1,2,reg:pseudohubererror,hist,True,4689940556.248134
1500,0.09,12,1,2,reg:squaredlogerror,hist,True,575992.0538345638
1500,0.09,12,1,3,reg:squarederror,hist,True,68537.57735620346
1500,0.09,12,1,3,reg:pseudohubererror,hist,True,4689940556.248134
1500,0.09,12,1,3,reg:squaredlogerror,hist,True,575992.0538345638
1500,0.09,12,1,4,reg:squarederror,hist,True,68604.68559754759
1500,0.09,12,1,4,reg:pseudohubererror,hist,True,4689940556.248134
1500,0.09,12,1,4,reg:squaredlogerror,hist,True,575992.0538345638
1500,0.09,12,2,0,reg:squarederror,hist,True,85656.49816764687
1500,0.09,12,2,0,reg:pseudohubererror,hist,True,4689940556.248134
1500,0.09,12,2,0,reg:squaredlogerror,hist,True,575992.0538345638
1500,0.09,12,2,1,reg:squarederror,hist,True,70866.60190658162
1500,0.09,12,2,1,reg:pseudohubererror,hist,True,4689940556.248134
1500,0.09,12,2,1,reg:squaredlogerror,hist,True,575992.0538345638
1500,0.09,12,2,2,reg:squarederror,hist,True,70030.7147812872
1500,0.09,12,2,2,reg:pseudohubererror,hist,True,4689940556.248134
1500,0.09,12,2,2,reg:squaredlogerror,hist,True,575992.0538345638
1500,0.09,12,2,3,reg:squarederror,hist,True,68515.63040643491
1500,0.09,12,2,3,reg:pseudohubererror,hist,True,4689940556.248134
1500,0.09,12,2,3,reg:squaredlogerror,hist,True,575992.0538345638
1500,0.09,12,2,4,reg:squarederror,hist,True,68611.70679358405
1500,0.09,12,2,4,reg:pseudohubererror,hist,True,4689940556.248134
1500,0.09,12,2,4,reg:squaredlogerror,hist,True,575992.0538345638
2000,0.01,6,0,0,reg:squarederror,hist,True,65674.81798622248
2000,0.01,6,0,0,reg:pseudohubererror,hist,True,4689940556.248134
2000,0.01,6,0,0,reg:squaredlogerror,hist,True,575992.0538345638
2000,0.01,6,0,1,reg:squarederror,hist,True,64088.279903639355
2000,0.01,6,0,1,reg:pseudohubererror,hist,True,4689940556.248134
2000,0.01,6,0,1,reg:squaredlogerror,hist,True,575992.0538345638
2000,0.01,6,0,2,reg:squarederror,hist,True,63257.899227321046
2000,0.01,6,0,2,reg:pseudohubererror,hist,True,4689940556.248134
2000,0.01,6,0,2,reg:squaredlogerror,hist,True,575992.0538345638
2000,0.01,6,0,3,reg:squarederror,hist,True,64019.7493386357
2000,0.01,6,0,3,reg:pseudohubererror,hist,True,4689940556.248134
2000,0.01,6,0,3,reg:squaredlogerror,hist,True,575992.0538345638
2000,0.01,6,0,4,reg:squarederror,hist,True,64219.10707194773
2000,0.01,6,0,4,reg:pseudohubererror,hist,True,4689940556.248134
2000,0.01,6,0,4,reg:squaredlogerror,hist,True,575992.0538345638
2000,0.01,6,1,0,reg:squarederror,hist,True,65343.28859825934
2000,0.01,6,1,0,reg:pseudohubererror,hist,True,4689940556.248134
2000,0.01,6,1,0,reg:squaredlogerror,hist,True,575992.0538345638
2000,0.01,6,1,1,reg:squarederror,hist,True,64073.383604397306
2000,0.01,6,1,1,reg:pseudohubererror,hist,True,4689940556.248134
2000,0.01,6,1,1,reg:squaredlogerror,hist,True,575992.0538345638
2000,0.01,6,1,2,reg:squarederror,hist,True,63435.37126674919
2000,0.01,6,1,2,reg:pseudohubererror,hist,True,4689940556.248134
2000,0.01,6,1,2,reg:squaredlogerror,hist,True,575992.0538345638
2000,0.01,6,1,3,reg:squarederror,hist,True,63750.952060469695
2000,0.01,6,1,3,reg:pseudohubererror,hist,True,4689940556.248134
2000,0.01,6,1,3,reg:squaredlogerror,hist,True,575992.0538345638
2000,0.01,6,1,4,reg:squarederror,hist,True,64301.60333657627
2000,0.01,6,1,4,reg:pseudohubererror,hist,True,4689940556.248134
2000,0.01,6,1,4,reg:squaredlogerror,hist,True,575992.0538345638
2000,0.01,6,2,0,reg:squarederror,hist,True,65379.03332040146
2000,0.01,6,2,0,reg:pseudohubererror,hist,True,4689940556.248134
2000,0.01,6,2,0,reg:squaredlogerror,hist,True,575992.0538345638
2000,0.01,6,2,1,reg:squarederror,hist,True,63993.73719835427
2000,0.01,6,2,1,reg:pseudohubererror,hist,True,4689940556.248134
2000,0.01,6,2,1,reg:squaredlogerror,hist,True,575992.0538345638
2000,0.01,6,2,2,reg:squarederror,hist,True,63345.29346853946
2000,0.01,6,2,2,reg:pseudohubererror,hist,True,4689940556.248134
2000,0.01,6,2,2,reg:squaredlogerror,hist,True,575992.0538345638
2000,0.01,6,2,3,reg:squarederror,hist,True,63984.837399191856
2000,0.01,6,2,3,reg:pseudohubererror,hist,True,4689940556.248134
2000,0.01,6,2,3,reg:squaredlogerror,hist,True,575992.0538345638
2000,0.01,6,2,4,reg:squarederror,hist,True,64460.19201829087
2000,0.01,6,2,4,reg:pseudohubererror,hist,True,4689940556.248134
2000,0.01,6,2,4,reg:squaredlogerror,hist,True,575992.0538345638
2000,0.01,8,0,0,reg:squarederror,hist,True,67563.98068864498
2000,0.01,8,0,0,reg:pseudohubererror,hist,True,4689940556.248134
2000,0.01,8,0,0,reg:squaredlogerror,hist,True,575992.0538345638
2000,0.01,8,0,1,reg:squarederror,hist,True,64262.274062284836
2000,0.01,8,0,1,reg:pseudohubererror,hist,True,4689940556.248134
2000,0.01,8,0,1,reg:squaredlogerror,hist,True,575992.0538345638
2000,0.01,8,0,2,reg:squarederror,hist,True,61133.0099086598
2000,0.01,8,0,2,reg:pseudohubererror,hist,True,4689940556.248134
2000,0.01,8,0,2,reg:squaredlogerror,hist,True,575992.0538345638
2000,0.01,8,0,3,reg:squarederror,hist,True,63456.592620513344
2000,0.01,8,0,3,reg:pseudohubererror,hist,True,4689940556.248134
2000,0.01,8,0,3,reg:squaredlogerror,hist,True,575992.0538345638
2000,0.01,8,0,4,reg:squarederror,hist,True,63805.676980882905
2000,0.01,8,0,4,reg:pseudohubererror,hist,True,4689940556.248134
2000,0.01,8,0,4,reg:squaredlogerror,hist,True,575992.0538345638
2000,0.01,8,1,0,reg:squarederror,hist,True,67340.80704734643
2000,0.01,8,1,0,reg:pseudohubererror,hist,True,4689940556.248134
2000,0.01,8,1,0,reg:squaredlogerror,hist,True,575992.0538345638
2000,0.01,8,1,1,reg:squarederror,hist,True,64169.4447439872
2000,0.01,8,1,1,reg:pseudohubererror,hist,True,4689940556.248134
2000,0.01,8,1,1,reg:squaredlogerror,hist,True,575992.0538345638
2000,0.01,8,1,2,reg:squarederror,hist,True,61758.40606068224
2000,0.01,8,1,2,reg:pseudohubererror,hist,True,4689940556.248134
2000,0.01,8,1,2,reg:squaredlogerror,hist,True,575992.0538345638
2000,0.01,8,1,3,reg:squarederror,hist,True,62918.16352630087
2000,0.01,8,1,3,reg:pseudohubererror,hist,True,4689940556.248134
2000,0.01,8,1,3,reg:squaredlogerror,hist,True,575992.0538345638
2000,0.01,8,1,4,reg:squarederror,hist,True,63813.73994434226
2000,0.01,8,1,4,reg:pseudohubererror,hist,True,4689940556.248134
2000,0.01,8,1,4,reg:squaredlogerror,hist,True,575992.0538345638
2000,0.01,8,2,0,reg:squarederror,hist,True,68078.91277613914
2000,0.01,8,2,0,reg:pseudohubererror,hist,True,4689940556.248134
2000,0.01,8,2,0,reg:squaredlogerror,hist,True,575992.0538345638
2000,0.01,8,2,1,reg:squarederror,hist,True,63599.483327441805
2000,0.01,8,2,1,reg:pseudohubererror,hist,True,4689940556.248134
2000,0.01,8,2,1,reg:squaredlogerror,hist,True,575992.0538345638
2000,0.01,8,2,2,reg:squarederror,hist,True,61338.222294115774
2000,0.01,8,2,2,reg:pseudohubererror,hist,True,4689940556.248134
2000,0.01,8,2,2,reg:squaredlogerror,hist,True,575992.0538345638
2000,0.01,8,2,3,reg:squarederror,hist,True,63183.34939802245
2000,0.01,8,2,3,reg:pseudohubererror,hist,True,4689940556.248134
2000,0.01,8,2,3,reg:squaredlogerror,hist,True,575992.0538345638
2000,0.01,8,2,4,reg:squarederror,hist,True,63843.803210628634
2000,0.01,8,2,4,reg:pseudohubererror,hist,True,4689940556.248134
2000,0.01,8,2,4,reg:squaredlogerror,hist,True,575992.0538345638
2000,0.01,10,0,0,reg:squarederror,hist,True,76532.38126057552
2000,0.01,10,0,0,reg:pseudohubererror,hist,True,4689940556.248134
2000,0.01,10,0,0,reg:squaredlogerror,hist,True,575992.0538345638
2000,0.01,10,0,1,reg:squarederror,hist,True,67875.11211685794
2000,0.01,10,0,1,reg:pseudohubererror,hist,True,4689940556.248134
2000,0.01,10,0,1,reg:squaredlogerror,hist,True,575992.0538345638
2000,0.01,10,0,2,reg:squarederror,hist,True,66650.31808162187
2000,0.01,10,0,2,reg:pseudohubererror,hist,True,4689940556.248134
2000,0.01,10,0,2,reg:squaredlogerror,hist,True,575992.0538345638
2000,0.01,10,0,3,reg:squarederror,hist,True,66414.36578703034
2000,0.01,10,0,3,reg:pseudohubererror,hist,True,4689940556.248134
2000,0.01,10,0,3,reg:squaredlogerror,hist,True,575992.0538345638
2000,0.01,10,0,4,reg:squarederror,hist,True,66936.41363630717
2000,0.01,10,0,4,reg:pseudohubererror,hist,True,4689940556.248134
2000,0.01,10,0,4,reg:squaredlogerror,hist,True,575992.0538345638
2000,0.01,10,1,0,reg:squarederror,hist,True,76479.46572252754
2000,0.01,10,1,0,reg:pseudohubererror,hist,True,4689940556.248134
2000,0.01,10,1,0,reg:squaredlogerror,hist,True,575992.0538345638
2000,0.01,10,1,1,reg:squarederror,hist,True,68459.92584536165
2000,0.01,10,1,1,reg:pseudohubererror,hist,True,4689940556.248134
2000,0.01,10,1,1,reg:squaredlogerror,hist,True,575992.0538345638
2000,0.01,10,1,2,reg:squarederror,hist,True,67562.36408177167
2000,0.01,10,1,2,reg:pseudohubererror,hist,True,4689940556.248134
2000,0.01,10,1,2,reg:squaredlogerror,hist,True,575992.0538345638
2000,0.01,10,1,3,reg:squarederror,hist,True,67103.36881333284
2000,0.01,10,1,3,reg:pseudohubererror,hist,True,4689940556.248134
2000,0.01,10,1,3,reg:squaredlogerror,hist,True,575992.0538345638
2000,0.01,10,1,4,reg:squarederror,hist,True,67317.64473945208
2000,0.01,10,1,4,reg:pseudohubererror,hist,True,4689940556.248134
2000,0.01,10,1,4,reg:squaredlogerror,hist,True,575992.0538345638
2000,0.01,10,2,0,reg:squarederror,hist,True,76969.27968313618
2000,0.01,10,2,0,reg:pseudohubererror,hist,True,4689940556.248134
2000,0.01,10,2,0,reg:squaredlogerror,hist,True,575992.0538345638
2000,0.01,10,2,1,reg:squarederror,hist,True,67647.70425066321
2000,0.01,10,2,1,reg:pseudohubererror,hist,True,4689940556.248134
2000,0.01,10,2,1,reg:squaredlogerror,hist,True,575992.0538345638
2000,0.01,10,2,2,reg:squarederror,hist,True,66803.97981085614
2000,0.01,10,2,2,reg:pseudohubererror,hist,True,4689940556.248134
2000,0.01,10,2,2,reg:squaredlogerror,hist,True,575992.0538345638
2000,0.01,10,2,3,reg:squarederror,hist,True,67279.2235401287
2000,0.01,10,2,3,reg:pseudohubererror,hist,True,4689940556.248134
2000,0.01,10,2,3,reg:squaredlogerror,hist,True,575992.0538345638
2000,0.01,10,2,4,reg:squarederror,hist,True,66789.37688220787
2000,0.01,10,2,4,reg:pseudohubererror,hist,True,4689940556.248134
2000,0.01,10,2,4,reg:squaredlogerror,hist,True,575992.0538345638
2000,0.01,12,0,0,reg:squarederror,hist,True,85127.64987071943
2000,0.01,12,0,0,reg:pseudohubererror,hist,True,4689940556.248134
2000,0.01,12,0,0,reg:squaredlogerror,hist,True,575992.0538345638
2000,0.01,12,0,1,reg:squarederror,hist,True,71498.72376254393
2000,0.01,12,0,1,reg:pseudohubererror,hist,True,4689940556.248134
2000,0.01,12,0,1,reg:squaredlogerror,hist,True,575992.0538345638
2000,0.01,12,0,2,reg:squarederror,hist,True,68831.47703415963
2000,0.01,12,0,2,reg:pseudohubererror,hist,True,4689940556.248134
2000,0.01,12,0,2,reg:squaredlogerror,hist,True,575992.0538345638
2000,0.01,12,0,3,reg:squarederror,hist,True,68296.30869138525
2000,0.01,12,0,3,reg:pseudohubererror,hist,True,4689940556.248134
2000,0.01,12,0,3,reg:squaredlogerror,hist,True,575992.0538345638
2000,0.01,12,0,4,reg:squarederror,hist,True,69430.54222900434
2000,0.01,12,0,4,reg:pseudohubererror,hist,True,4689940556.248134
2000,0.01,12,0,4,reg:squaredlogerror,hist,True,575992.0538345638
2000,0.01,12,1,0,reg:squarederror,hist,True,84639.80722686619
2000,0.01,12,1,0,reg:pseudohubererror,hist,True,4689940556.248134
2000,0.01,12,1,0,reg:squaredlogerror,hist,True,575992.0538345638
2000,0.01,12,1,1,reg:squarederror,hist,True,71573.18386841085
2000,0.01,12,1,1,reg:pseudohubererror,hist,True,4689940556.248134
2000,0.01,12,1,1,reg:squaredlogerror,hist,True,575992.0538345638
2000,0.01,12,1,2,reg:squarederror,hist,True,68226.49324674271
2000,0.01,12,1,2,reg:pseudohubererror,hist,True,4689940556.248134
2000,0.01,12,1,2,reg:squaredlogerror,hist,True,575992.0538345638
2000,0.01,12,1,3,reg:squarederror,hist,True,68777.91828415476
2000,0.01,12,1,3,reg:pseudohubererror,hist,True,4689940556.248134
2000,0.01,12,1,3,reg:squaredlogerror,hist,True,575992.0538345638
2000,0.01,12,1,4,reg:squarederror,hist,True,68643.72029317121
2000,0.01,12,1,4,reg:pseudohubererror,hist,True,4689940556.248134
2000,0.01,12,1,4,reg:squaredlogerror,hist,True,575992.0538345638
2000,0.01,12,2,0,reg:squarederror,hist,True,84576.10643692783
2000,0.01,12,2,0,reg:pseudohubererror,hist,True,4689940556.248134
2000,0.01,12,2,0,reg:squaredlogerror,hist,True,575992.0538345638
2000,0.01,12,2,1,reg:squarederror,hist,True,71773.992613611
2000,0.01,12,2,1,reg:pseudohubererror,hist,True,4689940556.248134
2000,0.01,12,2,1,reg:squaredlogerror,hist,True,575992.0538345638
2000,0.01,12,2,2,reg:squarederror,hist,True,68678.58810088629
2000,0.01,12,2,2,reg:pseudohubererror,hist,True,4689940556.248134
2000,0.01,12,2,2,reg:squaredlogerror,hist,True,575992.0538345638
2000,0.01,12,2,3,reg:squarederror,hist,True,68994.9153218691
2000,0.01,12,2,3,reg:pseudohubererror,hist,True,4689940556.248134
2000,0.01,12,2,3,reg:squaredlogerror,hist,True,575992.0538345638
2000,0.01,12,2,4,reg:squarederror,hist,True,68858.027045935
2000,0.01,12,2,4,reg:pseudohubererror,hist,True,4689940556.248134
2000,0.01,12,2,4,reg:squaredlogerror,hist,True,575992.0538345638
2000,0.03,6,0,0,reg:squarederror,hist,True,64083.6885786159
2000,0.03,6,0,0,reg:pseudohubererror,hist,True,4689940556.248134
2000,0.03,6,0,0,reg:squaredlogerror,hist,True,575992.0538345638
2000,0.03,6,0,1,reg:squarederror,hist,True,62509.97016270056
2000,0.03,6,0,1,reg:pseudohubererror,hist,True,4689940556.248134
2000,0.03,6,0,1,reg:squaredlogerror,hist,True,575992.0538345638
2000,0.03,6,0,2,reg:squarederror,hist,True,62296.28497472603
2000,0.03,6,0,2,reg:pseudohubererror,hist,True,4689940556.248134
2000,0.03,6,0,2,reg:squaredlogerror,hist,True,575992.0538345638
2000,0.03,6,0,3,reg:squarederror,hist,True,62842.673574003464
2000,0.03,6,0,3,reg:pseudohubererror,hist,True,4689940556.248134
2000,0.03,6,0,3,reg:squaredlogerror,hist,True,575992.0538345638
2000,0.03,6,0,4,reg:squarederror,hist,True,62578.49004566564
2000,0.03,6,0,4,reg:pseudohubererror,hist,True,4689940556.248134
2000,0.03,6,0,4,reg:squaredlogerror,hist,True,575992.0538345638
2000,0.03,6,1,0,reg:squarederror,hist,True,63986.244893329305
2000,0.03,6,1,0,reg:pseudohubererror,hist,True,4689940556.248134
2000,0.03,6,1,0,reg:squaredlogerror,hist,True,575992.0538345638
2000,0.03,6,1,1,reg:squarederror,hist,True,62289.91076291534
2000,0.03,6,1,1,reg:pseudohubererror,hist,True,4689940556.248134
2000,0.03,6,1,1,reg:squaredlogerror,hist,True,575992.0538345638
2000,0.03,6,1,2,reg:squarederror,hist,True,62766.00484827035
2000,0.03,6,1,2,reg:pseudohubererror,hist,True,4689940556.248134
2000,0.03,6,1,2,reg:squaredlogerror,hist,True,575992.0538345638
2000,0.03,6,1,3,reg:squarederror,hist,True,62735.81317021464
2000,0.03,6,1,3,reg:pseudohubererror,hist,True,4689940556.248134
2000,0.03,6,1,3,reg:squaredlogerror,hist,True,575992.0538345638
2000,0.03,6,1,4,reg:squarederror,hist,True,62586.71205210508
2000,0.03,6,1,4,reg:pseudohubererror,hist,True,4689940556.248134
2000,0.03,6,1,4,reg:squaredlogerror,hist,True,575992.0538345638
2000,0.03,6,2,0,reg:squarederror,hist,True,63930.58770638182
2000,0.03,6,2,0,reg:pseudohubererror,hist,True,4689940556.248134
2000,0.03,6,2,0,reg:squaredlogerror,hist,True,575992.0538345638
2000,0.03,6,2,1,reg:squarederror,hist,True,62223.82024102722
2000,0.03,6,2,1,reg:pseudohubererror,hist,True,4689940556.248134
2000,0.03,6,2,1,reg:squaredlogerror,hist,True,575992.0538345638
2000,0.03,6,2,2,reg:squarederror,hist,True,62413.157946931744
2000,0.03,6,2,2,reg:pseudohubererror,hist,True,4689940556.248134
2000,0.03,6,2,2,reg:squaredlogerror,hist,True,575992.0538345638
2000,0.03,6,2,3,reg:squarederror,hist,True,62900.68987310869
2000,0.03,6,2,3,reg:pseudohubererror,hist,True,4689940556.248134
2000,0.03,6,2,3,reg:squaredlogerror,hist,True,575992.0538345638
2000,0.03,6,2,4,reg:squarederror,hist,True,62010.47551656979
2000,0.03,6,2,4,reg:pseudohubererror,hist,True,4689940556.248134
2000,0.03,6,2,4,reg:squaredlogerror,hist,True,575992.0538345638
2000,0.03,8,0,0,reg:squarederror,hist,True,67557.82615190618
2000,0.03,8,0,0,reg:pseudohubererror,hist,True,4689940556.248134
2000,0.03,8,0,0,reg:squaredlogerror,hist,True,575992.0538345638
2000,0.03,8,0,1,reg:squarederror,hist,True,63930.19286735611
2000,0.03,8,0,1,reg:pseudohubererror,hist,True,4689940556.248134
2000,0.03,8,0,1,reg:squaredlogerror,hist,True,575992.0538345638
2000,0.03,8,0,2,reg:squarederror,hist,True,60734.02759261951
2000,0.03,8,0,2,reg:pseudohubererror,hist,True,4689940556.248134
2000,0.03,8,0,2,reg:squaredlogerror,hist,True,575992.0538345638
2000,0.03,8,0,3,reg:squarederror,hist,True,62208.433955006694
2000,0.03,8,0,3,reg:pseudohubererror,hist,True,4689940556.248134
2000,0.03,8,0,3,reg:squaredlogerror,hist,True,575992.0538345638
2000,0.03,8,0,4,reg:squarederror,hist,True,62165.75772047133
2000,0.03,8,0,4,reg:pseudohubererror,hist,True,4689940556.248134
2000,0.03,8,0,4,reg:squaredlogerror,hist,True,575992.0538345638
2000,0.03,8,1,0,reg:squarederror,hist,True,66731.58476888058
2000,0.03,8,1,0,reg:pseudohubererror,hist,True,4689940556.248134
2000,0.03,8,1,0,reg:squaredlogerror,hist,True,575992.0538345638
2000,0.03,8,1,1,reg:squarederror,hist,True,64310.56999255791
2000,0.03,8,1,1,reg:pseudohubererror,hist,True,4689940556.248134
2000,0.03,8,1,1,reg:squaredlogerror,hist,True,575992.0538345638
2000,0.03,8,1,2,reg:squarederror,hist,True,60844.76075484982
2000,0.03,8,1,2,reg:pseudohubererror,hist,True,4689940556.248134
2000,0.03,8,1,2,reg:squaredlogerror,hist,True,575992.0538345638
2000,0.03,8,1,3,reg:squarederror,hist,True,62182.77633757124
2000,0.03,8,1,3,reg:pseudohubererror,hist,True,4689940556.248134
2000,0.03,8,1,3,reg:squaredlogerror,hist,True,575992.0538345638
2000,0.03,8,1,4,reg:squarederror,hist,True,62267.74473861639
2000,0.03,8,1,4,reg:pseudohubererror,hist,True,4689940556.248134
2000,0.03,8,1,4,reg:squaredlogerror,hist,True,575992.0538345638
2000,0.03,8,2,0,reg:squarederror,hist,True,67514.07296866052
2000,0.03,8,2,0,reg:pseudohubererror,hist,True,4689940556.248134
2000,0.03,8,2,0,reg:squaredlogerror,hist,True,575992.0538345638
2000,0.03,8,2,1,reg:squarederror,hist,True,63548.89134942571
2000,0.03,8,2,1,reg:pseudohubererror,hist,True,4689940556.248134
2000,0.03,8,2,1,reg:squaredlogerror,hist,True,575992.0538345638
2000,0.03,8,2,2,reg:squarederror,hist,True,60810.54232515285
2000,0.03,8,2,2,reg:pseudohubererror,hist,True,4689940556.248134
2000,0.03,8,2,2,reg:squaredlogerror,hist,True,575992.0538345638
2000,0.03,8,2,3,reg:squarederror,hist,True,62248.29886401713
2000,0.03,8,2,3,reg:pseudohubererror,hist,True,4689940556.248134
2000,0.03,8,2,3,reg:squaredlogerror,hist,True,575992.0538345638
2000,0.03,8,2,4,reg:squarederror,hist,True,62570.37566249994
2000,0.03,8,2,4,reg:pseudohubererror,hist,True,4689940556.248134
2000,0.03,8,2,4,reg:squaredlogerror,hist,True,575992.0538345638
2000,0.03,10,0,0,reg:squarederror,hist,True,76517.0384352899
2000,0.03,10,0,0,reg:pseudohubererror,hist,True,4689940556.248134
2000,0.03,10,0,0,reg:squaredlogerror,hist,True,575992.0538345638
2000,0.03,10,0,1,reg:squarederror,hist,True,68806.95917694533
2000,0.03,10,0,1,reg:pseudohubererror,hist,True,4689940556.248134
2000,0.03,10,0,1,reg:squaredlogerror,hist,True,575992.0538345638
2000,0.03,10,0,2,reg:squarederror,hist,True,65532.96792606198
2000,0.03,10,0,2,reg:pseudohubererror,hist,True,4689940556.248134
2000,0.03,10,0,2,reg:squaredlogerror,hist,True,575992.0538345638
2000,0.03,10,0,3,reg:squarederror,hist,True,66412.98888401069
2000,0.03,10,0,3,reg:pseudohubererror,hist,True,4689940556.248134
2000,0.03,10,0,3,reg:squaredlogerror,hist,True,575992.0538345638
2000,0.03,10,0,4,reg:squarederror,hist,True,67633.33060118946
2000,0.03,10,0,4,reg:pseudohubererror,hist,True,4689940556.248134
2000,0.03,10,0,4,reg:squaredlogerror,hist,True,575992.0538345638
2000,0.03,10,1,0,reg:squarederror,hist,True,76393.06793150146
2000,0.03,10,1,0,reg:pseudohubererror,hist,True,4689940556.248134
2000,0.03,10,1,0,reg:squaredlogerror,hist,True,575992.0538345638
2000,0.03,10,1,1,reg:squarederror,hist,True,68579.99358603549
2000,0.03,10,1,1,reg:pseudohubererror,hist,True,4689940556.248134
2000,0.03,10,1,1,reg:squaredlogerror,hist,True,575992.0538345638
2000,0.03,10,1,2,reg:squarederror,hist,True,65874.19973525646
2000,0.03,10,1,2,reg:pseudohubererror,hist,True,4689940556.248134
2000,0.03,10,1,2,reg:squaredlogerror,hist,True,575992.0538345638
2000,0.03,10,1,3,reg:squarederror,hist,True,66321.73617342157
2000,0.03,10,1,3,reg:pseudohubererror,hist,True,4689940556.248134
2000,0.03,10,1,3,reg:squaredlogerror,hist,True,575992.0538345638
2000,0.03,10,1,4,reg:squarederror,hist,True,67555.96027433287
2000,0.03,10,1,4,reg:pseudohubererror,hist,True,4689940556.248134
2000,0.03,10,1,4,reg:squaredlogerror,hist,True,575992.0538345638
2000,0.03,10,2,0,reg:squarederror,hist,True,76573.70212094008
2000,0.03,10,2,0,reg:pseudohubererror,hist,True,4689940556.248134
2000,0.03,10,2,0,reg:squaredlogerror,hist,True,575992.0538345638
2000,0.03,10,2,1,reg:squarederror,hist,True,69053.20441300099
2000,0.03,10,2,1,reg:pseudohubererror,hist,True,4689940556.248134
2000,0.03,10,2,1,reg:squaredlogerror,hist,True,575992.0538345638
2000,0.03,10,2,2,reg:squarederror,hist,True,65640.34124378167
2000,0.03,10,2,2,reg:pseudohubererror,hist,True,4689940556.248134
2000,0.03,10,2,2,reg:squaredlogerror,hist,True,575992.0538345638
2000,0.03,10,2,3,reg:squarederror,hist,True,66232.59984340813
2000,0.03,10,2,3,reg:pseudohubererror,hist,True,4689940556.248134
2000,0.03,10,2,3,reg:squaredlogerror,hist,True,575992.0538345638
2000,0.03,10,2,4,reg:squarederror,hist,True,67681.18369852913
2000,0.03,10,2,4,reg:pseudohubererror,hist,True,4689940556.248134
2000,0.03,10,2,4,reg:squaredlogerror,hist,True,575992.0538345638
2000,0.03,12,0,0,reg:squarederror,hist,True,85095.93409662749
2000,0.03,12,0,0,reg:pseudohubererror,hist,True,4689940556.248134
2000,0.03,12,0,0,reg:squaredlogerror,hist,True,575992.0538345638
2000,0.03,12,0,1,reg:squarederror,hist,True,71388.60110172193
2000,0.03,12,0,1,reg:pseudohubererror,hist,True,4689940556.248134
2000,0.03,12,0,1,reg:squaredlogerror,hist,True,575992.0538345638
2000,0.03,12,0,2,reg:squarederror,hist,True,70009.33611869889
2000,0.03,12,0,2,reg:pseudohubererror,hist,True,4689940556.248134
2000,0.03,12,0,2,reg:squaredlogerror,hist,True,575992.0538345638
2000,0.03,12,0,3,reg:squarederror,hist,True,69284.63513117154
2000,0.03,12,0,3,reg:pseudohubererror,hist,True,4689940556.248134
2000,0.03,12,0,3,reg:squaredlogerror,hist,True,575992.0538345638
2000,0.03,12,0,4,reg:squarederror,hist,True,68880.14201126187
2000,0.03,12,0,4,reg:pseudohubererror,hist,True,4689940556.248134
2000,0.03,12,0,4,reg:squaredlogerror,hist,True,575992.0538345638
2000,0.03,12,1,0,reg:squarederror,hist,True,85176.90811942368
2000,0.03,12,1,0,reg:pseudohubererror,hist,True,4689940556.248134
2000,0.03,12,1,0,reg:squaredlogerror,hist,True,575992.0538345638
2000,0.03,12,1,1,reg:squarederror,hist,True,71181.9914993734
2000,0.03,12,1,1,reg:pseudohubererror,hist,True,4689940556.248134
2000,0.03,12,1,1,reg:squaredlogerror,hist,True,575992.0538345638
2000,0.03,12,1,2,reg:squarederror,hist,True,69871.56182004856
2000,0.03,12,1,2,reg:pseudohubererror,hist,True,4689940556.248134
2000,0.03,12,1,2,reg:squaredlogerror,hist,True,575992.0538345638
2000,0.03,12,1,3,reg:squarederror,hist,True,68827.43327945798
2000,0.03,12,1,3,reg:pseudohubererror,hist,True,4689940556.248134
2000,0.03,12,1,3,reg:squaredlogerror,hist,True,575992.0538345638
2000,0.03,12,1,4,reg:squarederror,hist,True,68847.63820246232
2000,0.03,12,1,4,reg:pseudohubererror,hist,True,4689940556.248134
2000,0.03,12,1,4,reg:squaredlogerror,hist,True,575992.0538345638
2000,0.03,12,2,0,reg:squarederror,hist,True,85383.15001279982
2000,0.03,12,2,0,reg:pseudohubererror,hist,True,4689940556.248134
2000,0.03,12,2,0,reg:squaredlogerror,hist,True,575992.0538345638
2000,0.03,12,2,1,reg:squarederror,hist,True,71352.0380308975
2000,0.03,12,2,1,reg:pseudohubererror,hist,True,4689940556.248134
2000,0.03,12,2,1,reg:squaredlogerror,hist,True,575992.0538345638
2000,0.03,12,2,2,reg:squarederror,hist,True,69857.36338787906
2000,0.03,12,2,2,reg:pseudohubererror,hist,True,4689940556.248134
2000,0.03,12,2,2,reg:squaredlogerror,hist,True,575992.0538345638
2000,0.03,12,2,3,reg:squarederror,hist,True,69021.22360994587
2000,0.03,12,2,3,reg:pseudohubererror,hist,True,4689940556.248134
2000,0.03,12,2,3,reg:squaredlogerror,hist,True,575992.0538345638
2000,0.03,12,2,4,reg:squarederror,hist,True,68718.54646053266
2000,0.03,12,2,4,reg:pseudohubererror,hist,True,4689940556.248134
2000,0.03,12,2,4,reg:squaredlogerror,hist,True,575992.0538345638
2000,0.05,6,0,0,reg:squarederror,hist,True,64782.56183251774
2000,0.05,6,0,0,reg:pseudohubererror,hist,True,4689940556.248134
2000,0.05,6,0,0,reg:squaredlogerror,hist,True,575992.0538345638
2000,0.05,6,0,1,reg:squarederror,hist,True,62328.70788180372
2000,0.05,6,0,1,reg:pseudohubererror,hist,True,4689940556.248134
2000,0.05,6,0,1,reg:squaredlogerror,hist,True,575992.0538345638
2000,0.05,6,0,2,reg:squarederror,hist,True,62458.116485549064
2000,0.05,6,0,2,reg:pseudohubererror,hist,True,4689940556.248134
2000,0.05,6,0,2,reg:squaredlogerror,hist,True,575992.0538345638
2000,0.05,6,0,3,reg:squarederror,hist,True,61784.60585395928
2000,0.05,6,0,3,reg:pseudohubererror,hist,True,4689940556.248134
2000,0.05,6,0,3,reg:squaredlogerror,hist,True,575992.0538345638
2000,0.05,6,0,4,reg:squarederror,hist,True,61716.9633750173
2000,0.05,6,0,4,reg:pseudohubererror,hist,True,4689940556.248134
2000,0.05,6,0,4,reg:squaredlogerror,hist,True,575992.0538345638
2000,0.05,6,1,0,reg:squarederror,hist,True,64412.23701816264
2000,0.05,6,1,0,reg:pseudohubererror,hist,True,4689940556.248134
2000,0.05,6,1,0,reg:squaredlogerror,hist,True,575992.0538345638
2000,0.05,6,1,1,reg:squarederror,hist,True,62347.12475417022
2000,0.05,6,1,1,reg:pseudohubererror,hist,True,4689940556.248134
2000,0.05,6,1,1,reg:squaredlogerror,hist,True,575992.0538345638
2000,0.05,6,1,2,reg:squarederror,hist,True,62234.43436311005
2000,0.05,6,1,2,reg:pseudohubererror,hist,True,4689940556.248134
2000,0.05,6,1,2,reg:squaredlogerror,hist,True,575992.0538345638
2000,0.05,6,1,3,reg:squarederror,hist,True,61559.730624654985
2000,0.05,6,1,3,reg:pseudohubererror,hist,True,4689940556.248134
2000,0.05,6,1,3,reg:squaredlogerror,hist,True,575992.0538345638
2000,0.05,6,1,4,reg:squarederror,hist,True,61690.88339730893
2000,0.05,6,1,4,reg:pseudohubererror,hist,True,4689940556.248134
2000,0.05,6,1,4,reg:squaredlogerror,hist,True,575992.0538345638
2000,0.05,6,2,0,reg:squarederror,hist,True,64379.83165622357
2000,0.05,6,2,0,reg:pseudohubererror,hist,True,4689940556.248134
2000,0.05,6,2,0,reg:squaredlogerror,hist,True,575992.0538345638
2000,0.05,6,2,1,reg:squarederror,hist,True,62185.87019188454
2000,0.05,6,2,1,reg:pseudohubererror,hist,True,4689940556.248134
2000,0.05,6,2,1,reg:squaredlogerror,hist,True,575992.0538345638
2000,0.05,6,2,2,reg:squarederror,hist,True,62591.41855183566
2000,0.05,6,2,2,reg:pseudohubererror,hist,True,4689940556.248134
2000,0.05,6,2,2,reg:squaredlogerror,hist,True,575992.0538345638
2000,0.05,6,2,3,reg:squarederror,hist,True,61629.65480644694
2000,0.05,6,2,3,reg:pseudohubererror,hist,True,4689940556.248134
2000,0.05,6,2,3,reg:squaredlogerror,hist,True,575992.0538345638
2000,0.05,6,2,4,reg:squarederror,hist,True,61642.797348331165
2000,0.05,6,2,4,reg:pseudohubererror,hist,True,4689940556.248134
2000,0.05,6,2,4,reg:squaredlogerror,hist,True,575992.0538345638
2000,0.05,8,0,0,reg:squarederror,hist,True,67701.89109691474
2000,0.05,8,0,0,reg:pseudohubererror,hist,True,4689940556.248134
2000,0.05,8,0,0,reg:squaredlogerror,hist,True,575992.0538345638
2000,0.05,8,0,1,reg:squarederror,hist,True,65270.824179067815
2000,0.05,8,0,1,reg:pseudohubererror,hist,True,4689940556.248134
2000,0.05,8,0,1,reg:squaredlogerror,hist,True,575992.0538345638
2000,0.05,8,0,2,reg:squarederror,hist,True,61797.64429291759
2000,0.05,8,0,2,reg:pseudohubererror,hist,True,4689940556.248134
2000,0.05,8,0,2,reg:squaredlogerror,hist,True,575992.0538345638
2000,0.05,8,0,3,reg:squarederror,hist,True,63194.20516502034
2000,0.05,8,0,3,reg:pseudohubererror,hist,True,4689940556.248134
2000,0.05,8,0,3,reg:squaredlogerror,hist,True,575992.0538345638
2000,0.05,8,0,4,reg:squarederror,hist,True,62951.33220795255
2000,0.05,8,0,4,reg:pseudohubererror,hist,True,4689940556.248134
2000,0.05,8,0,4,reg:squaredlogerror,hist,True,575992.0538345638
2000,0.05,8,1,0,reg:squarederror,hist,True,67578.96719225998
2000,0.05,8,1,0,reg:pseudohubererror,hist,True,4689940556.248134
2000,0.05,8,1,0,reg:squaredlogerror,hist,True,575992.0538345638
2000,0.05,8,1,1,reg:squarederror,hist,True,64998.28073626681
2000,0.05,8,1,1,reg:pseudohubererror,hist,True,4689940556.248134
2000,0.05,8,1,1,reg:squaredlogerror,hist,True,575992.0538345638
2000,0.05,8,1,2,reg:squarederror,hist,True,61525.766951573656
2000,0.05,8,1,2,reg:pseudohubererror,hist,True,4689940556.248134
2000,0.05,8,1,2,reg:squaredlogerror,hist,True,575992.0538345638
2000,0.05,8,1,3,reg:squarederror,hist,True,63289.23969743638
2000,0.05,8,1,3,reg:pseudohubererror,hist,True,4689940556.248134
2000,0.05,8,1,3,reg:squaredlogerror,hist,True,575992.0538345638
2000,0.05,8,1,4,reg:squarederror,hist,True,62620.42763490007
2000,0.05,8,1,4,reg:pseudohubererror,hist,True,4689940556.248134
2000,0.05,8,1,4,reg:squaredlogerror,hist,True,575992.0538345638
2000,0.05,8,2,0,reg:squarederror,hist,True,67388.8417766964
2000,0.05,8,2,0,reg:pseudohubererror,hist,True,4689940556.248134
2000,0.05,8,2,0,reg:squaredlogerror,hist,True,575992.0538345638
2000,0.05,8,2,1,reg:squarederror,hist,True,64802.50728557336
2000,0.05,8,2,1,reg:pseudohubererror,hist,True,4689940556.248134
2000,0.05,8,2,1,reg:squaredlogerror,hist,True,575992.0538345638
2000,0.05,8,2,2,reg:squarederror,hist,True,61534.46389598246
2000,0.05,8,2,2,reg:pseudohubererror,hist,True,4689940556.248134
2000,0.05,8,2,2,reg:squaredlogerror,hist,True,575992.0538345638
2000,0.05,8,2,3,reg:squarederror,hist,True,63309.56398765937
2000,0.05,8,2,3,reg:pseudohubererror,hist,True,4689940556.248134
2000,0.05,8,2,3,reg:squaredlogerror,hist,True,575992.0538345638
2000,0.05,8,2,4,reg:squarederror,hist,True,62638.92106432465
2000,0.05,8,2,4,reg:pseudohubererror,hist,True,4689940556.248134
2000,0.05,8,2,4,reg:squaredlogerror,hist,True,575992.0538345638
2000,0.05,10,0,0,reg:squarederror,hist,True,76779.92670536932
2000,0.05,10,0,0,reg:pseudohubererror,hist,True,4689940556.248134
2000,0.05,10,0,0,reg:squaredlogerror,hist,True,575992.0538345638
2000,0.05,10,0,1,reg:squarederror,hist,True,67810.96644120244
2000,0.05,10,0,1,reg:pseudohubererror,hist,True,4689940556.248134
2000,0.05,10,0,1,reg:squaredlogerror,hist,True,575992.0538345638
2000,0.05,10,0,2,reg:squarederror,hist,True,66543.06567866338
2000,0.05,10,0,2,reg:pseudohubererror,hist,True,4689940556.248134
2000,0.05,10,0,2,reg:squaredlogerror,hist,True,575992.0538345638
2000,0.05,10,0,3,reg:squarederror,hist,True,66277.52729391235
2000,0.05,10,0,3,reg:pseudohubererror,hist,True,4689940556.248134
2000,0.05,10,0,3,reg:squaredlogerror,hist,True,575992.0538345638
2000,0.05,10,0,4,reg:squarederror,hist,True,65990.27822230213
2000,0.05,10,0,4,reg:pseudohubererror,hist,True,4689940556.248134
2000,0.05,10,0,4,reg:squaredlogerror,hist,True,575992.0538345638
2000,0.05,10,1,0,reg:squarederror,hist,True,76699.38513477995
2000,0.05,10,1,0,reg:pseudohubererror,hist,True,4689940556.248134
2000,0.05,10,1,0,reg:squaredlogerror,hist,True,575992.0538345638
2000,0.05,10,1,1,reg:squarederror,hist,True,68199.58987192667
2000,0.05,10,1,1,reg:pseudohubererror,hist,True,4689940556.248134
2000,0.05,10,1,1,reg:squaredlogerror,hist,True,575992.0538345638
2000,0.05,10,1,2,reg:squarederror,hist,True,66544.89366383369
2000,0.05,10,1,2,reg:pseudohubererror,hist,True,4689940556.248134
2000,0.05,10,1,2,reg:squaredlogerror,hist,True,575992.0538345638
2000,0.05,10,1,3,reg:squarederror,hist,True,66641.6245305606
2000,0.05,10,1,3,reg:pseudohubererror,hist,True,4689940556.248134
2000,0.05,10,1,3,reg:squaredlogerror,hist,True,575992.0538345638
2000,0.05,10,1,4,reg:squarederror,hist,True,65791.19634007373
2000,0.05,10,1,4,reg:pseudohubererror,hist,True,4689940556.248134
2000,0.05,10,1,4,reg:squaredlogerror,hist,True,575992.0538345638
2000,0.05,10,2,0,reg:squarederror,hist,True,76535.19473241505
2000,0.05,10,2,0,reg:pseudohubererror,hist,True,4689940556.248134
2000,0.05,10,2,0,reg:squaredlogerror,hist,True,575992.0538345638
2000,0.05,10,2,1,reg:squarederror,hist,True,67142.71880277613
2000,0.05,10,2,1,reg:pseudohubererror,hist,True,4689940556.248134
2000,0.05,10,2,1,reg:squaredlogerror,hist,True,575992.0538345638
2000,0.05,10,2,2,reg:squarederror,hist,True,66550.46494279416
2000,0.05,10,2,2,reg:pseudohubererror,hist,True,4689940556.248134
2000,0.05,10,2,2,reg:squaredlogerror,hist,True,575992.0538345638
2000,0.05,10,2,3,reg:squarederror,hist,True,67203.5316414224
2000,0.05,10,2,3,reg:pseudohubererror,hist,True,4689940556.248134
2000,0.05,10,2,3,reg:squaredlogerror,hist,True,575992.0538345638
2000,0.05,10,2,4,reg:squarederror,hist,True,66122.72738186213
2000,0.05,10,2,4,reg:pseudohubererror,hist,True,4689940556.248134
2000,0.05,10,2,4,reg:squaredlogerror,hist,True,575992.0538345638
2000,0.05,12,0,0,reg:squarederror,hist,True,85175.29815143952
2000,0.05,12,0,0,reg:pseudohubererror,hist,True,4689940556.248134
2000,0.05,12,0,0,reg:squaredlogerror,hist,True,575992.0538345638
2000,0.05,12,0,1,reg:squarederror,hist,True,71723.04527220977
2000,0.05,12,0,1,reg:pseudohubererror,hist,True,4689940556.248134
2000,0.05,12,0,1,reg:squaredlogerror,hist,True,575992.0538345638
2000,0.05,12,0,2,reg:squarederror,hist,True,68514.87516901961
2000,0.05,12,0,2,reg:pseudohubererror,hist,True,4689940556.248134
2000,0.05,12,0,2,reg:squaredlogerror,hist,True,575992.0538345638
2000,0.05,12,0,3,reg:squarederror,hist,True,68608.02443569215
2000,0.05,12,0,3,reg:pseudohubererror,hist,True,4689940556.248134
2000,0.05,12,0,3,reg:squaredlogerror,hist,True,575992.0538345638
2000,0.05,12,0,4,reg:squarederror,hist,True,67974.96601645416
2000,0.05,12,0,4,reg:pseudohubererror,hist,True,4689940556.248134
2000,0.05,12,0,4,reg:squaredlogerror,hist,True,575992.0538345638
2000,0.05,12,1,0,reg:squarederror,hist,True,85141.56629775073
2000,0.05,12,1,0,reg:pseudohubererror,hist,True,4689940556.248134
2000,0.05,12,1,0,reg:squaredlogerror,hist,True,575992.0538345638
2000,0.05,12,1,1,reg:squarederror,hist,True,71521.81791616697
2000,0.05,12,1,1,reg:pseudohubererror,hist,True,4689940556.248134
2000,0.05,12,1,1,reg:squaredlogerror,hist,True,575992.0538345638
2000,0.05,12,1,2,reg:squarederror,hist,True,68566.41591768806
2000,0.05,12,1,2,reg:pseudohubererror,hist,True,4689940556.248134
2000,0.05,12,1,2,reg:squaredlogerror,hist,True,575992.0538345638
2000,0.05,12,1,3,reg:squarederror,hist,True,68700.20439681929
2000,0.05,12,1,3,reg:pseudohubererror,hist,True,4689940556.248134
2000,0.05,12,1,3,reg:squaredlogerror,hist,True,575992.0538345638
2000,0.05,12,1,4,reg:squarederror,hist,True,67889.36993364921
2000,0.05,12,1,4,reg:pseudohubererror,hist,True,4689940556.248134
2000,0.05,12,1,4,reg:squaredlogerror,hist,True,575992.0538345638
2000,0.05,12,2,0,reg:squarederror,hist,True,85114.26960748242
2000,0.05,12,2,0,reg:pseudohubererror,hist,True,4689940556.248134
2000,0.05,12,2,0,reg:squaredlogerror,hist,True,575992.0538345638
2000,0.05,12,2,1,reg:squarederror,hist,True,71718.1108714331
2000,0.05,12,2,1,reg:pseudohubererror,hist,True,4689940556.248134
2000,0.05,12,2,1,reg:squaredlogerror,hist,True,575992.0538345638
2000,0.05,12,2,2,reg:squarederror,hist,True,68522.99364706548
2000,0.05,12,2,2,reg:pseudohubererror,hist,True,4689940556.248134
2000,0.05,12,2,2,reg:squaredlogerror,hist,True,575992.0538345638
2000,0.05,12,2,3,reg:squarederror,hist,True,68546.4509585872
2000,0.05,12,2,3,reg:pseudohubererror,hist,True,4689940556.248134
2000,0.05,12,2,3,reg:squaredlogerror,hist,True,575992.0538345638
2000,0.05,12,2,4,reg:squarederror,hist,True,67705.59023906436
2000,0.05,12,2,4,reg:pseudohubererror,hist,True,4689940556.248134
2000,0.05,12,2,4,reg:squaredlogerror,hist,True,575992.0538345638
2000,0.07,6,0,0,reg:squarederror,hist,True,64933.796958427316
2000,0.07,6,0,0,reg:pseudohubererror,hist,True,4689940556.248134
2000,0.07,6,0,0,reg:squaredlogerror,hist,True,575992.0538345638
2000,0.07,6,0,1,reg:squarederror,hist,True,63385.4646947967
2000,0.07,6,0,1,reg:pseudohubererror,hist,True,4689940556.248134
2000,0.07,6,0,1,reg:squaredlogerror,hist,True,575992.0538345638
2000,0.07,6,0,2,reg:squarederror,hist,True,62075.802661648515
2000,0.07,6,0,2,reg:pseudohubererror,hist,True,4689940556.248134
2000,0.07,6,0,2,reg:squaredlogerror,hist,True,575992.0538345638
2000,0.07,6,0,3,reg:squarederror,hist,True,62191.45116110545
2000,0.07,6,0,3,reg:pseudohubererror,hist,True,4689940556.248134
2000,0.07,6,0,3,reg:squaredlogerror,hist,True,575992.0538345638
2000,0.07,6,0,4,reg:squarederror,hist,True,62982.48516974904
2000,0.07,6,0,4,reg:pseudohubererror,hist,True,4689940556.248134
2000,0.07,6,0,4,reg:squaredlogerror,hist,True,575992.0538345638
2000,0.07,6,1,0,reg:squarederror,hist,True,65061.81108516826
2000,0.07,6,1,0,reg:pseudohubererror,hist,True,4689940556.248134
2000,0.07,6,1,0,reg:squaredlogerror,hist,True,575992.0538345638
2000,0.07,6,1,1,reg:squarederror,hist,True,63394.696087320706
2000,0.07,6,1,1,reg:pseudohubererror,hist,True,4689940556.248134
2000,0.07,6,1,1,reg:squaredlogerror,hist,True,575992.0538345638
2000,0.07,6,1,2,reg:squarederror,hist,True,62708.983224784715
2000,0.07,6,1,2,reg:pseudohubererror,hist,True,4689940556.248134
2000,0.07,6,1,2,reg:squaredlogerror,hist,True,575992.0538345638
2000,0.07,6,1,3,reg:squarederror,hist,True,62228.53579773483
2000,0.07,6,1,3,reg:pseudohubererror,hist,True,4689940556.248134
2000,0.07,6,1,3,reg:squaredlogerror,hist,True,575992.0538345638
2000,0.07,6,1,4,reg:squarederror,hist,True,63015.641197398516
2000,0.07,6,1,4,reg:pseudohubererror,hist,True,4689940556.248134
2000,0.07,6,1,4,reg:squaredlogerror,hist,True,575992.0538345638
2000,0.07,6,2,0,reg:squarederror,hist,True,64806.495211674155
2000,0.07,6,2,0,reg:pseudohubererror,hist,True,4689940556.248134
2000,0.07,6,2,0,reg:squaredlogerror,hist,True,575992.0538345638
2000,0.07,6,2,1,reg:squarederror,hist,True,62899.62395551115
2000,0.07,6,2,1,reg:pseudohubererror,hist,True,4689940556.248134
2000,0.07,6,2,1,reg:squaredlogerror,hist,True,575992.0538345638
2000,0.07,6,2,2,reg:squarederror,hist,True,62753.26845899512
2000,0.07,6,2,2,reg:pseudohubererror,hist,True,4689940556.248134
2000,0.07,6,2,2,reg:squaredlogerror,hist,True,575992.0538345638
2000,0.07,6,2,3,reg:squarederror,hist,True,61910.390889362556
2000,0.07,6,2,3,reg:pseudohubererror,hist,True,4689940556.248134
2000,0.07,6,2,3,reg:squaredlogerror,hist,True,575992.0538345638
2000,0.07,6,2,4,reg:squarederror,hist,True,62926.45940091255
2000,0.07,6,2,4,reg:pseudohubererror,hist,True,4689940556.248134
2000,0.07,6,2,4,reg:squaredlogerror,hist,True,575992.0538345638
2000,0.07,8,0,0,reg:squarederror,hist,True,68235.89345896583
2000,0.07,8,0,0,reg:pseudohubererror,hist,True,4689940556.248134
2000,0.07,8,0,0,reg:squaredlogerror,hist,True,575992.0538345638
2000,0.07,8,0,1,reg:squarederror,hist,True,64691.26207622042
2000,0.07,8,0,1,reg:pseudohubererror,hist,True,4689940556.248134
2000,0.07,8,0,1,reg:squaredlogerror,hist,True,575992.0538345638
2000,0.07,8,0,2,reg:squarederror,hist,True,62042.084886409284
2000,0.07,8,0,2,reg:pseudohubererror,hist,True,4689940556.248134
2000,0.07,8,0,2,reg:squaredlogerror,hist,True,575992.0538345638
2000,0.07,8,0,3,reg:squarederror,hist,True,63048.64552642582
2000,0.07,8,0,3,reg:pseudohubererror,hist,True,4689940556.248134
2000,0.07,8,0,3,reg:squaredlogerror,hist,True,575992.0538345638
2000,0.07,8,0,4,reg:squarederror,hist,True,63341.24757930887
2000,0.07,8,0,4,reg:pseudohubererror,hist,True,4689940556.248134
2000,0.07,8,0,4,reg:squaredlogerror,hist,True,575992.0538345638
2000,0.07,8,1,0,reg:squarederror,hist,True,67544.34485632683
2000,0.07,8,1,0,reg:pseudohubererror,hist,True,4689940556.248134
2000,0.07,8,1,0,reg:squaredlogerror,hist,True,575992.0538345638
2000,0.07,8,1,1,reg:squarederror,hist,True,64692.82677059436
2000,0.07,8,1,1,reg:pseudohubererror,hist,True,4689940556.248134
2000,0.07,8,1,1,reg:squaredlogerror,hist,True,575992.0538345638
2000,0.07,8,1,2,reg:squarederror,hist,True,61944.218503572025
2000,0.07,8,1,2,reg:pseudohubererror,hist,True,4689940556.248134
2000,0.07,8,1,2,reg:squaredlogerror,hist,True,575992.0538345638
2000,0.07,8,1,3,reg:squarederror,hist,True,63062.36896507799
2000,0.07,8,1,3,reg:pseudohubererror,hist,True,4689940556.248134
2000,0.07,8,1,3,reg:squaredlogerror,hist,True,575992.0538345638
2000,0.07,8,1,4,reg:squarederror,hist,True,63585.653493995684
2000,0.07,8,1,4,reg:pseudohubererror,hist,True,4689940556.248134
2000,0.07,8,1,4,reg:squaredlogerror,hist,True,575992.0538345638
2000,0.07,8,2,0,reg:squarederror,hist,True,68000.27955671978
2000,0.07,8,2,0,reg:pseudohubererror,hist,True,4689940556.248134
2000,0.07,8,2,0,reg:squaredlogerror,hist,True,575992.0538345638
2000,0.07,8,2,1,reg:squarederror,hist,True,64800.81789593821
2000,0.07,8,2,1,reg:pseudohubererror,hist,True,4689940556.248134
2000,0.07,8,2,1,reg:squaredlogerror,hist,True,575992.0538345638
2000,0.07,8,2,2,reg:squarederror,hist,True,62289.15766864586
2000,0.07,8,2,2,reg:pseudohubererror,hist,True,4689940556.248134
2000,0.07,8,2,2,reg:squaredlogerror,hist,True,575992.0538345638
2000,0.07,8,2,3,reg:squarederror,hist,True,63353.026374392575
2000,0.07,8,2,3,reg:pseudohubererror,hist,True,4689940556.248134
2000,0.07,8,2,3,reg:squaredlogerror,hist,True,575992.0538345638
2000,0.07,8,2,4,reg:squarederror,hist,True,63618.59526141184
2000,0.07,8,2,4,reg:pseudohubererror,hist,True,4689940556.248134
2000,0.07,8,2,4,reg:squaredlogerror,hist,True,575992.0538345638
2000,0.07,10,0,0,reg:squarederror,hist,True,76055.89199019966
2000,0.07,10,0,0,reg:pseudohubererror,hist,True,4689940556.248134
2000,0.07,10,0,0,reg:squaredlogerror,hist,True,575992.0538345638
2000,0.07,10,0,1,reg:squarederror,hist,True,67180.44376177106
2000,0.07,10,0,1,reg:pseudohubererror,hist,True,4689940556.248134
2000,0.07,10,0,1,reg:squaredlogerror,hist,True,575992.0538345638
2000,0.07,10,0,2,reg:squarederror,hist,True,67223.15704409077
2000,0.07,10,0,2,reg:pseudohubererror,hist,True,4689940556.248134
2000,0.07,10,0,2,reg:squaredlogerror,hist,True,575992.0538345638
2000,0.07,10,0,3,reg:squarederror,hist,True,67332.20744716715
2000,0.07,10,0,3,reg:pseudohubererror,hist,True,4689940556.248134
2000,0.07,10,0,3,reg:squaredlogerror,hist,True,575992.0538345638
2000,0.07,10,0,4,reg:squarederror,hist,True,66180.0951424629
2000,0.07,10,0,4,reg:pseudohubererror,hist,True,4689940556.248134
2000,0.07,10,0,4,reg:squaredlogerror,hist,True,575992.0538345638
2000,0.07,10,1,0,reg:squarederror,hist,True,76802.96229090088
2000,0.07,10,1,0,reg:pseudohubererror,hist,True,4689940556.248134
2000,0.07,10,1,0,reg:squaredlogerror,hist,True,575992.0538345638
2000,0.07,10,1,1,reg:squarederror,hist,True,66913.18433687215
2000,0.07,10,1,1,reg:pseudohubererror,hist,True,4689940556.248134
2000,0.07,10,1,1,reg:squaredlogerror,hist,True,575992.0538345638
2000,0.07,10,1,2,reg:squarederror,hist,True,67367.79137383259
2000,0.07,10,1,2,reg:pseudohubererror,hist,True,4689940556.248134
2000,0.07,10,1,2,reg:squaredlogerror,hist,True,575992.0538345638
2000,0.07,10,1,3,reg:squarederror,hist,True,67254.21415799945
2000,0.07,10,1,3,reg:pseudohubererror,hist,True,4689940556.248134
2000,0.07,10,1,3,reg:squaredlogerror,hist,True,575992.0538345638
2000,0.07,10,1,4,reg:squarederror,hist,True,66213.79206125552
2000,0.07,10,1,4,reg:pseudohubererror,hist,True,4689940556.248134
2000,0.07,10,1,4,reg:squaredlogerror,hist,True,575992.0538345638
2000,0.07,10,2,0,reg:squarederror,hist,True,76782.93989548499
2000,0.07,10,2,0,reg:pseudohubererror,hist,True,4689940556.248134
2000,0.07,10,2,0,reg:squaredlogerror,hist,True,575992.0538345638
2000,0.07,10,2,1,reg:squarederror,hist,True,66520.67836089627
2000,0.07,10,2,1,reg:pseudohubererror,hist,True,4689940556.248134
2000,0.07,10,2,1,reg:squaredlogerror,hist,True,575992.0538345638
2000,0.07,10,2,2,reg:squarederror,hist,True,67379.61971673708
2000,0.07,10,2,2,reg:pseudohubererror,hist,True,4689940556.248134
2000,0.07,10,2,2,reg:squaredlogerror,hist,True,575992.0538345638
2000,0.07,10,2,3,reg:squarederror,hist,True,67407.14826032272
2000,0.07,10,2,3,reg:pseudohubererror,hist,True,4689940556.248134
2000,0.07,10,2,3,reg:squaredlogerror,hist,True,575992.0538345638
2000,0.07,10,2,4,reg:squarederror,hist,True,66332.66753344146
2000,0.07,10,2,4,reg:pseudohubererror,hist,True,4689940556.248134
2000,0.07,10,2,4,reg:squaredlogerror,hist,True,575992.0538345638
2000,0.07,12,0,0,reg:squarederror,hist,True,85338.5297431689
2000,0.07,12,0,0,reg:pseudohubererror,hist,True,4689940556.248134
2000,0.07,12,0,0,reg:squaredlogerror,hist,True,575992.0538345638
2000,0.07,12,0,1,reg:squarederror,hist,True,70306.71848726916
2000,0.07,12,0,1,reg:pseudohubererror,hist,True,4689940556.248134
2000,0.07,12,0,1,reg:squaredlogerror,hist,True,575992.0538345638
2000,0.07,12,0,2,reg:squarederror,hist,True,70016.93395445959
2000,0.07,12,0,2,reg:pseudohubererror,hist,True,4689940556.248134
2000,0.07,12,0,2,reg:squaredlogerror,hist,True,575992.0538345638
2000,0.07,12,0,3,reg:squarederror,hist,True,68785.96752922305
2000,0.07,12,0,3,reg:pseudohubererror,hist,True,4689940556.248134
2000,0.07,12,0,3,reg:squaredlogerror,hist,True,575992.0538345638
2000,0.07,12,0,4,reg:squarederror,hist,True,68041.29781996946
2000,0.07,12,0,4,reg:pseudohubererror,hist,True,4689940556.248134
2000,0.07,12,0,4,reg:squaredlogerror,hist,True,575992.0538345638
2000,0.07,12,1,0,reg:squarederror,hist,True,84960.46852397278
2000,0.07,12,1,0,reg:pseudohubererror,hist,True,4689940556.248134
2000,0.07,12,1,0,reg:squaredlogerror,hist,True,575992.0538345638
2000,0.07,12,1,1,reg:squarederror,hist,True,70156.416072491
2000,0.07,12,1,1,reg:pseudohubererror,hist,True,4689940556.248134
2000,0.07,12,1,1,reg:squaredlogerror,hist,True,575992.0538345638
2000,0.07,12,1,2,reg:squarederror,hist,True,70031.47849809247
2000,0.07,12,1,2,reg:pseudohubererror,hist,True,4689940556.248134
2000,0.07,12,1,2,reg:squaredlogerror,hist,True,575992.0538345638
2000,0.07,12,1,3,reg:squarederror,hist,True,68884.9438254842
2000,0.07,12,1,3,reg:pseudohubererror,hist,True,4689940556.248134
2000,0.07,12,1,3,reg:squaredlogerror,hist,True,575992.0538345638
2000,0.07,12,1,4,reg:squarederror,hist,True,68017.90019921491
2000,0.07,12,1,4,reg:pseudohubererror,hist,True,4689940556.248134
2000,0.07,12,1,4,reg:squaredlogerror,hist,True,575992.0538345638
2000,0.07,12,2,0,reg:squarederror,hist,True,84609.6502983216
2000,0.07,12,2,0,reg:pseudohubererror,hist,True,4689940556.248134
2000,0.07,12,2,0,reg:squaredlogerror,hist,True,575992.0538345638
2000,0.07,12,2,1,reg:squarederror,hist,True,70253.02166141898
2000,0.07,12,2,1,reg:pseudohubererror,hist,True,4689940556.248134
2000,0.07,12,2,1,reg:squaredlogerror,hist,True,575992.0538345638
2000,0.07,12,2,2,reg:squarederror,hist,True,70075.93043977798
2000,0.07,12,2,2,reg:pseudohubererror,hist,True,4689940556.248134
2000,0.07,12,2,2,reg:squaredlogerror,hist,True,575992.0538345638
2000,0.07,12,2,3,reg:squarederror,hist,True,68722.50234783404
2000,0.07,12,2,3,reg:pseudohubererror,hist,True,4689940556.248134
2000,0.07,12,2,3,reg:squaredlogerror,hist,True,575992.0538345638
2000,0.07,12,2,4,reg:squarederror,hist,True,68271.19697400209
2000,0.07,12,2,4,reg:pseudohubererror,hist,True,4689940556.248134
2000,0.07,12,2,4,reg:squaredlogerror,hist,True,575992.0538345638
2000,0.09,6,0,0,reg:squarederror,hist,True,62897.31883899005
2000,0.09,6,0,0,reg:pseudohubererror,hist,True,4689940556.248134
2000,0.09,6,0,0,reg:squaredlogerror,hist,True,575992.0538345638
2000,0.09,6,0,1,reg:squarederror,hist,True,62196.74291810781
2000,0.09,6,0,1,reg:pseudohubererror,hist,True,4689940556.248134
2000,0.09,6,0,1,reg:squaredlogerror,hist,True,575992.0538345638
2000,0.09,6,0,2,reg:squarederror,hist,True,62526.99355599723
2000,0.09,6,0,2,reg:pseudohubererror,hist,True,4689940556.248134
2000,0.09,6,0,2,reg:squaredlogerror,hist,True,575992.0538345638
2000,0.09,6,0,3,reg:squarederror,hist,True,63178.38259013418
2000,0.09,6,0,3,reg:pseudohubererror,hist,True,4689940556.248134
2000,0.09,6,0,3,reg:squaredlogerror,hist,True,575992.0538345638
2000,0.09,6,0,4,reg:squarederror,hist,True,62510.774472772726
2000,0.09,6,0,4,reg:pseudohubererror,hist,True,4689940556.248134
2000,0.09,6,0,4,reg:squaredlogerror,hist,True,575992.0538345638
2000,0.09,6,1,0,reg:squarederror,hist,True,62947.11178530753
2000,0.09,6,1,0,reg:pseudohubererror,hist,True,4689940556.248134
2000,0.09,6,1,0,reg:squaredlogerror,hist,True,575992.0538345638
2000,0.09,6,1,1,reg:squarederror,hist,True,62479.28007815083
2000,0.09,6,1,1,reg:pseudohubererror,hist,True,4689940556.248134
2000,0.09,6,1,1,reg:squaredlogerror,hist,True,575992.0538345638
2000,0.09,6,1,2,reg:squarederror,hist,True,63474.12294656657
2000,0.09,6,1,2,reg:pseudohubererror,hist,True,4689940556.248134
2000,0.09,6,1,2,reg:squaredlogerror,hist,True,575992.0538345638
2000,0.09,6,1,3,reg:squarederror,hist,True,63243.73991178356
2000,0.09,6,1,3,reg:pseudohubererror,hist,True,4689940556.248134
2000,0.09,6,1,3,reg:squaredlogerror,hist,True,575992.0538345638
2000,0.09,6,1,4,reg:squarederror,hist,True,62641.19044212264
2000,0.09,6,1,4,reg:pseudohubererror,hist,True,4689940556.248134
2000,0.09,6,1,4,reg:squaredlogerror,hist,True,575992.0538345638
2000,0.09,6,2,0,reg:squarederror,hist,True,63572.8100879772
2000,0.09,6,2,0,reg:pseudohubererror,hist,True,4689940556.248134
2000,0.09,6,2,0,reg:squaredlogerror,hist,True,575992.0538345638
2000,0.09,6,2,1,reg:squarederror,hist,True,62577.46213896512
2000,0.09,6,2,1,reg:pseudohubererror,hist,True,4689940556.248134
2000,0.09,6,2,1,reg:squaredlogerror,hist,True,575992.0538345638
2000,0.09,6,2,2,reg:squarederror,hist,True,63509.12447560409
2000,0.09,6,2,2,reg:pseudohubererror,hist,True,4689940556.248134
2000,0.09,6,2,2,reg:squaredlogerror,hist,True,575992.0538345638
2000,0.09,6,2,3,reg:squarederror,hist,True,63219.585975171496
2000,0.09,6,2,3,reg:pseudohubererror,hist,True,4689940556.248134
2000,0.09,6,2,3,reg:squaredlogerror,hist,True,575992.0538345638
2000,0.09,6,2,4,reg:squarederror,hist,True,62738.378161846296
2000,0.09,6,2,4,reg:pseudohubererror,hist,True,4689940556.248134
2000,0.09,6,2,4,reg:squaredlogerror,hist,True,575992.0538345638
2000,0.09,8,0,0,reg:squarederror,hist,True,68330.05738992809
2000,0.09,8,0,0,reg:pseudohubererror,hist,True,4689940556.248134
2000,0.09,8,0,0,reg:squaredlogerror,hist,True,575992.0538345638
2000,0.09,8,0,1,reg:squarederror,hist,True,64545.171508430474
2000,0.09,8,0,1,reg:pseudohubererror,hist,True,4689940556.248134
2000,0.09,8,0,1,reg:squaredlogerror,hist,True,575992.0538345638
2000,0.09,8,0,2,reg:squarederror,hist,True,62001.646805506025
2000,0.09,8,0,2,reg:pseudohubererror,hist,True,4689940556.248134
2000,0.09,8,0,2,reg:squaredlogerror,hist,True,575992.0538345638
2000,0.09,8,0,3,reg:squarederror,hist,True,63886.58317757828
2000,0.09,8,0,3,reg:pseudohubererror,hist,True,4689940556.248134
2000,0.09,8,0,3,reg:squaredlogerror,hist,True,575992.0538345638
2000,0.09,8,0,4,reg:squarederror,hist,True,64509.40231408276
2000,0.09,8,0,4,reg:pseudohubererror,hist,True,4689940556.248134
2000,0.09,8,0,4,reg:squaredlogerror,hist,True,575992.0538345638
2000,0.09,8,1,0,reg:squarederror,hist,True,68272.98831822164
2000,0.09,8,1,0,reg:pseudohubererror,hist,True,4689940556.248134
2000,0.09,8,1,0,reg:squaredlogerror,hist,True,575992.0538345638
2000,0.09,8,1,1,reg:squarederror,hist,True,64359.491664885114
2000,0.09,8,1,1,reg:pseudohubererror,hist,True,4689940556.248134
2000,0.09,8,1,1,reg:squaredlogerror,hist,True,575992.0538345638
2000,0.09,8,1,2,reg:squarederror,hist,True,62627.700418305336
2000,0.09,8,1,2,reg:pseudohubererror,hist,True,4689940556.248134
2000,0.09,8,1,2,reg:squaredlogerror,hist,True,575992.0538345638
2000,0.09,8,1,3,reg:squarederror,hist,True,63905.45262081832
2000,0.09,8,1,3,reg:pseudohubererror,hist,True,4689940556.248134
2000,0.09,8,1,3,reg:squaredlogerror,hist,True,575992.0538345638
2000,0.09,8,1,4,reg:squarederror,hist,True,64568.38840834244
2000,0.09,8,1,4,reg:pseudohubererror,hist,True,4689940556.248134
2000,0.09,8,1,4,reg:squaredlogerror,hist,True,575992.0538345638
2000,0.09,8,2,0,reg:squarederror,hist,True,68361.31272041598
2000,0.09,8,2,0,reg:pseudohubererror,hist,True,4689940556.248134
2000,0.09,8,2,0,reg:squaredlogerror,hist,True,575992.0538345638
2000,0.09,8,2,1,reg:squarederror,hist,True,64256.28889909202
2000,0.09,8,2,1,reg:pseudohubererror,hist,True,4689940556.248134
2000,0.09,8,2,1,reg:squaredlogerror,hist,True,575992.0538345638
2000,0.09,8,2,2,reg:squarederror,hist,True,62532.814706520294
2000,0.09,8,2,2,reg:pseudohubererror,hist,True,4689940556.248134
2000,0.09,8,2,2,reg:squaredlogerror,hist,True,575992.0538345638
2000,0.09,8,2,3,reg:squarederror,hist,True,64043.101140891114
2000,0.09,8,2,3,reg:pseudohubererror,hist,True,4689940556.248134
2000,0.09,8,2,3,reg:squaredlogerror,hist,True,575992.0538345638
2000,0.09,8,2,4,reg:squarederror,hist,True,64505.47030266773
2000,0.09,8,2,4,reg:pseudohubererror,hist,True,4689940556.248134
2000,0.09,8,2,4,reg:squaredlogerror,hist,True,575992.0538345638
2000,0.09,10,0,0,reg:squarederror,hist,True,76829.29128087575
2000,0.09,10,0,0,reg:pseudohubererror,hist,True,4689940556.248134
2000,0.09,10,0,0,reg:squaredlogerror,hist,True,575992.0538345638
2000,0.09,10,0,1,reg:squarederror,hist,True,66528.99100689375
2000,0.09,10,0,1,reg:pseudohubererror,hist,True,4689940556.248134
2000,0.09,10,0,1,reg:squaredlogerror,hist,True,575992.0538345638
2000,0.09,10,0,2,reg:squarederror,hist,True,66716.75180888339
2000,0.09,10,0,2,reg:pseudohubererror,hist,True,4689940556.248134
2000,0.09,10,0,2,reg:squaredlogerror,hist,True,575992.0538345638
2000,0.09,10,0,3,reg:squarederror,hist,True,66229.1859920697
2000,0.09,10,0,3,reg:pseudohubererror,hist,True,4689940556.248134
2000,0.09,10,0,3,reg:squaredlogerror,hist,True,575992.0538345638
2000,0.09,10,0,4,reg:squarederror,hist,True,65758.19951555604
2000,0.09,10,0,4,reg:pseudohubererror,hist,True,4689940556.248134
2000,0.09,10,0,4,reg:squaredlogerror,hist,True,575992.0538345638
2000,0.09,10,1,0,reg:squarederror,hist,True,76491.1149051658
2000,0.09,10,1,0,reg:pseudohubererror,hist,True,4689940556.248134
2000,0.09,10,1,0,reg:squaredlogerror,hist,True,575992.0538345638
2000,0.09,10,1,1,reg:squarederror,hist,True,66653.99800772134
2000,0.09,10,1,1,reg:pseudohubererror,hist,True,4689940556.248134
2000,0.09,10,1,1,reg:squaredlogerror,hist,True,575992.0538345638
2000,0.09,10,1,2,reg:squarederror,hist,True,66830.47349928666
2000,0.09,10,1,2,reg:pseudohubererror,hist,True,4689940556.248134
2000,0.09,10,1,2,reg:squaredlogerror,hist,True,575992.0538345638
2000,0.09,10,1,3,reg:squarederror,hist,True,66414.1536792131
2000,0.09,10,1,3,reg:pseudohubererror,hist,True,4689940556.248134
2000,0.09,10,1,3,reg:squaredlogerror,hist,True,575992.0538345638
2000,0.09,10,1,4,reg:squarederror,hist,True,65728.29618727583
2000,0.09,10,1,4,reg:pseudohubererror,hist,True,4689940556.248134
2000,0.09,10,1,4,reg:squaredlogerror,hist,True,575992.0538345638
2000,0.09,10,2,0,reg:squarederror,hist,True,76942.37486835135
2000,0.09,10,2,0,reg:pseudohubererror,hist,True,4689940556.248134
2000,0.09,10,2,0,reg:squaredlogerror,hist,True,575992.0538345638
2000,0.09,10,2,1,reg:squarederror,hist,True,66441.3358288086
2000,0.09,10,2,1,reg:pseudohubererror,hist,True,4689940556.248134
2000,0.09,10,2,1,reg:squaredlogerror,hist,True,575992.0538345638
2000,0.09,10,2,2,reg:squarederror,hist,True,66767.24108615294
2000,0.09,10,2,2,reg:pseudohubererror,hist,True,4689940556.248134
2000,0.09,10,2,2,reg:squaredlogerror,hist,True,575992.0538345638
2000,0.09,10,2,3,reg:squarederror,hist,True,66338.05307609982
2000,0.09,10,2,3,reg:pseudohubererror,hist,True,4689940556.248134
2000,0.09,10,2,3,reg:squaredlogerror,hist,True,575992.0538345638
2000,0.09,10,2,4,reg:squarederror,hist,True,65664.72667282968
2000,0.09,10,2,4,reg:pseudohubererror,hist,True,4689940556.248134
2000,0.09,10,2,4,reg:squaredlogerror,hist,True,575992.0538345638
2000,0.09,12,0,0,reg:squarederror,hist,True,84940.30987544509
2000,0.09,12,0,0,reg:pseudohubererror,hist,True,4689940556.248134
2000,0.09,12,0,0,reg:squaredlogerror,hist,True,575992.0538345638
2000,0.09,12,0,1,reg:squarederror,hist,True,70855.73721342134
2000,0.09,12,0,1,reg:pseudohubererror,hist,True,4689940556.248134
2000,0.09,12,0,1,reg:squaredlogerror,hist,True,575992.0538345638
2000,0.09,12,0,2,reg:squarederror,hist,True,68893.51014284867
2000,0.09,12,0,2,reg:pseudohubererror,hist,True,4689940556.248134
2000,0.09,12,0,2,reg:squaredlogerror,hist,True,575992.0538345638
2000,0.09,12,0,3,reg:squarederror,hist,True,68641.36305148753
2000,0.09,12,0,3,reg:pseudohubererror,hist,True,4689940556.248134
2000,0.09,12,0,3,reg:squaredlogerror,hist,True,575992.0538345638
2000,0.09,12,0,4,reg:squarederror,hist,True,68528.74055876967
2000,0.09,12,0,4,reg:pseudohubererror,hist,True,4689940556.248134
2000,0.09,12,0,4,reg:squaredlogerror,hist,True,575992.0538345638
2000,0.09,12,1,0,reg:squarederror,hist,True,85333.84863519773
2000,0.09,12,1,0,reg:pseudohubererror,hist,True,4689940556.248134
2000,0.09,12,1,0,reg:squaredlogerror,hist,True,575992.0538345638
2000,0.09,12,1,1,reg:squarederror,hist,True,71019.74370260029
2000,0.09,12,1,1,reg:pseudohubererror,hist,True,4689940556.248134
2000,0.09,12,1,1,reg:squaredlogerror,hist,True,575992.0538345638
2000,0.09,12,1,2,reg:squarederror,hist,True,68851.52375578819
2000,0.09,12,1,2,reg:pseudohubererror,hist,True,4689940556.248134
2000,0.09,12,1,2,reg:squaredlogerror,hist,True,575992.0538345638
2000,0.09,12,1,3,reg:squarederror,hist,True,68537.39568472734
2000,0.09,12,1,3,reg:pseudohubererror,hist,True,4689940556.248134
2000,0.09,12,1,3,reg:squaredlogerror,hist,True,575992.0538345638
2000,0.09,12,1,4,reg:squarederror,hist,True,68604.69391893297
2000,0.09,12,1,4,reg:pseudohubererror,hist,True,4689940556.248134
2000,0.09,12,1,4,reg:squaredlogerror,hist,True,575992.0538345638
2000,0.09,12,2,0,reg:squarederror,hist,True,85656.47889812753
2000,0.09,12,2,0,reg:pseudohubererror,hist,True,4689940556.248134
2000,0.09,12,2,0,reg:squaredlogerror,hist,True,575992.0538345638
2000,0.09,12,2,1,reg:squarederror,hist,True,70866.58467447254
2000,0.09,12,2,1,reg:pseudohubererror,hist,True,4689940556.248134
2000,0.09,12,2,1,reg:squaredlogerror,hist,True,575992.0538345638
2000,0.09,12,2,2,reg:squarederror,hist,True,70030.83152319261
2000,0.09,12,2,2,reg:pseudohubererror,hist,True,4689940556.248134
2000,0.09,12,2,2,reg:squaredlogerror,hist,True,575992.0538345638
2000,0.09,12,2,3,reg:squarederror,hist,True,68515.71522360605
2000,0.09,12,2,3,reg:pseudohubererror,hist,True,4689940556.248134
2000,0.09,12,2,3,reg:squaredlogerror,hist,True,575992.0538345638
2000,0.09,12,2,4,reg:squarederror,hist,True,68611.70643450067
2000,0.09,12,2,4,reg:pseudohubererror,hist,True,4689940556.248134
2000,0.09,12,2,4,reg:squaredlogerror,hist,True,575992.0538345638
